Date,BVR_mean_RDOsat_percent_13,BVR_mean_EXOChla_ugL_1.5,BVR_mean_EXOfDOM_QSU_1.5,BVR_mean_EXOTemp_C_1.5,BVR_mean_schmidt_stability,mean_ShortwaveRadiationUp_Average_W_m2,mean_AirTemp_C_Average,mean_WindSpeed_Average_m_s,sum_Rain_Total_mm
2020-07-01,0.0,5.44444444444444,14.0671527777778,24.1313611111111,73.0466335742095,291.992367049808,25.5762758055556,1.98540347222222,0.0
2020-07-02,0.0,5.60957142857143,14.1043571428571,24.8036142857143,78.7739874350001,279.851591374269,24.7425872611111,2.00553680555556,0.0
2020-07-03,0.0,6.26055555555556,15.0007638888889,24.8635,83.2017637375152,322.149697122304,25.1352920888889,2.09571736111111,0.0
2020-07-04,0.0,6.51465277777778,15.4622222222222,25.1909652777778,87.5278306065868,269.920789662599,26.1057367333333,1.87401180555556,0.0
2020-07-05,0.0,6.97215277777778,15.7509722222222,25.5074583333333,92.087628458713,298.321974982628,26.6078732555556,1.27159305555556,0.0
2020-07-06,0.0,7.05847222222222,15.9142361111111,25.9257013888889,97.0389062498766,305.866118750001,26.6195558944444,1.52725763888889,0.0
2020-07-07,0.0,7.17770833333333,16.0045833333333,26.4691111111111,98.6990636416958,294.067471855455,25.7960925111111,1.43829583333333,0.0
2020-07-08,0.0,7.39833333333333,15.9571527777778,26.7461666666667,99.0011105982384,276.288050764951,26.4969183055556,1.20428611111111,0.0
2020-07-09,0.0,7.44666666666667,15.2359027777778,27.1248055555556,99.1068282658709,230.07207966457,26.4312614388889,1.20945347222222,0.0
2020-07-10,0.0,6.94673611111111,15.1509027777778,27.2369722222222,101.644445994951,251.833607638889,26.6136997444444,1.44369166666667,2.54
2020-07-11,0.0,4.4275,11.84875,28.0788958333333,104.988261318054,288.062834027778,25.8766210333333,2.08098888888889,0.0
2020-07-12,0.0,5.14215277777778,12.5738888888889,26.9946388888889,99.7822696028499,251.963922222222,25.8885344777778,1.89499236111111,0.0
2020-07-13,0.0,4.61777777777778,12.5364583333333,26.8535208333333,98.9868340849489,296.685453472222,24.9532347444444,2.26081319444444,6.858
2020-07-14,0.0,4.33555555555556,12.8790972222222,26.9827291666667,101.409446727902,288.562062499999,25.9559792444444,1.92215486111111,0.0
2020-07-15,0.0,3.96263888888889,13.3090277777778,27.0836736111111,101.52692900103,299.702371527778,26.5328756277778,1.40261805555556,0.0
2020-07-16,0.0,4.46,14.3224305555556,26.9148611111111,100.330511529368,173.302168055556,26.6930763888889,1.60912916666667,0.0
2020-07-17,0.0,3.403125,12.8956944444444,27.3191319444444,104.004375700285,223.360754166667,27.1722811388889,1.12468055555556,0.0
2020-07-18,0.0,2.71776223776224,12.5611888111888,27.6233076923077,107.050203064364,283.913460416667,27.7928567277778,1.6197875,0.0
2020-07-19,0.0,2.00819444444444,12.1581944444444,28.4156041666667,113.737426365113,275.086031249999,28.4881239444444,1.70444791666667,0.0
2020-07-20,0.0,2.00701388888889,11.9986111111111,28.5672638888889,113.447376379387,221.053468055555,27.6111097222222,1.92327708333333,2.794
2020-07-21,0.0,1.98569444444444,12.2022222222222,28.4180694444444,111.919828247571,186.878465972222,26.2613319555556,1.68447916666667,11.43
2020-07-22,0.0,1.85902777777778,12.2252777777778,28.2161944444444,110.550893965032,252.405153472222,26.5239162333333,1.99251319444444,5.588
2020-07-23,0.0,1.89335664335664,11.9745454545455,28.096034965035,108.486192548326,175.985804861111,25.9294261888889,1.68116736111111,5.08
2020-07-24,0.0,2.27666666666667,12.3753472222222,27.5861388888889,105.039653442891,244.101047222222,26.3991086777778,1.57958263888889,4.318
2020-07-25,0.0,1.955,12.2871527777778,27.6437638888889,106.863586473479,259.878303472222,26.7228202944444,1.75140347222222,3.048
2020-07-26,0.0,1.77458333333333,12.1091666666667,27.9674513888889,109.033157175618,213.610171527778,26.9405580611111,1.62019166666667,1.778
2020-07-27,0.0,1.52375,11.8589583333333,28.2051805555556,114.321410446777,253.550931249999,27.2536970611111,2.01670138888889,1.016
2020-07-28,0.0,1.53916666666667,11.7349305555556,28.3393263888889,112.31444748772,226.486651388889,26.4813392777778,2.17633333333333,2.286
2020-07-29,0.0,1.74347222222222,11.8357638888889,28.3021666666667,110.652233835927,215.970130555555,26.2739654611111,1.41670486111111,1.27
2020-07-30,0.0,1.82652777777778,11.77875,28.4361875,110.432740874684,155.039703472222,25.6111966166667,1.36196597222222,7.36599999999999
2020-07-31,0.0,1.9825,11.5365972222222,28.3774027777778,108.781583970343,158.673495138889,24.7422937062937,1.44629722222222,
2020-08-01,0.0,4.12736111111111,12.4601388888889,27.7921736111111,104.202430333594,186.806271527778,24.1629513888889,1.21953194444444,10.922
2020-08-02,0.0,2.69229166666667,12.3650694444444,27.7899375,104.98287945402,208.623624305556,24.6924166666667,1.22878125,0.0
2020-08-03,0.0,2.98694444444444,12.41875,27.3620277777778,99.5057901356585,90.399061111111,22.0038402777778,1.29395763888889,6.35
2020-08-04,0.0,2.65777777777778,12.6964583333333,26.9267708333333,78.8327023461331,281.40756875,23.7070763888889,2.24439583333333,0.0
2020-08-05,0.0,2.26895833333333,12.4417361111111,26.9632916666667,79.3845672123353,208.075078472223,23.2035763888889,1.66735555555556,10.922
2020-08-06,0.0,2.68007042253521,12.6280281690141,26.715514084507,77.6552995229914,170.575032638889,22.2848541666667,1.31090347222222,0.508
2020-08-07,0.0,2.79722222222222,12.7599305555556,26.5051319444444,76.7793745095843,237.787749999999,22.9048472222222,1.12976319444444,0.0
2020-08-08,0.0,2.34861111111111,12.6350694444444,26.805375,78.7966522099672,246.191821527778,23.7814513888889,1.25290902777778,0.0
2020-08-09,0.0,2.44,12.6009722222222,27.2017986111111,80.9312985868466,256.027863194445,24.1688819444444,1.28529652777778,0.0
2020-08-10,0.0,2.08194444444444,12.1735416666667,27.5831805555556,83.4141768194067,230.828159027778,24.7627291666667,1.53265138888889,0.0
2020-08-11,0.0,1.9125,12.1879166666667,27.7050694444444,84.477793568814,245.455772916665,26.3946361722222,1.15049583333333,0.0
2020-08-12,0.0,2.03971428571429,12.0875,27.9763071428571,85.7135444213827,157.462322916666,26.2324672388889,1.48098541666667,0.0
2020-08-13,0.0,2.57082089552239,12.4476119402985,27.6035671641791,83.8878553772826,112.574698611111,25.0166875,0.932049305555556,11.176
2020-08-14,0.0,3.19429577464789,12.7678873239437,27.1004507042254,81.1546702557882,109.500834027778,23.7694583333333,0.899097222222222,21.844
2020-08-15,0.0,5.48659722222222,13.0453472222222,26.1485972222222,74.7424951899669,46.5250319444445,19.6554513888889,1.7475875,22.352
2020-08-16,0.0,5.58223776223776,12.8294405594406,25.1031328671329,66.1718446499446,124.250523611111,18.6172986111111,2.373675,0.0
2020-08-17,0.0051229206349206,4.54839416058394,12.3877372262774,25.4288686131387,68.1539054121356,244.153999305555,22.1310902777778,1.73037222222222,0.0
2020-08-18,0.0,4.41195804195804,12.6688111888112,25.0368321678322,65.0495294352958,227.02772638889,22.7878275055556,1.52064027777778,0.0
2020-08-19,0.0,3.40971631205674,12.3165957446809,25.3182978723404,66.1976290791572,236.523670138889,23.0327083333333,1.8962875,0.0
2020-08-20,0.0,3.78935251798561,12.6453237410072,25.1889496402878,65.1249444952255,216.856513194445,22.9549097222222,1.13065208333333,0.0
2020-08-21,0.0,4.78868055555556,12.7725,25.1190069444444,64.7231689714425,90.9688916666665,22.4898333333333,0.747109722222222,1.778
2020-08-22,0.0,4.025,12.6974305555556,25.0228194444444,64.0576881659015,190.693977777777,23.6596597222222,1.06178263888889,0.762
2020-08-23,0.0,3.40951048951049,12.4018881118881,25.2693006993007,65.6514957582623,218.969356944445,23.8880266611111,1.16798333333333,0.0
2020-08-24,0.0,3.63763888888889,12.2852083333333,25.6216111111111,67.8912646940001,222.813580555555,25.1766411388889,1.44448611111111,0.0
2020-08-25,0.0,3.66805555555556,11.6063194444444,26.3102986111111,72.4588908469128,247.264997222223,26.5026629444444,2.23569375,0.0
2020-08-26,0.0,4.07397163120567,12.0150354609929,25.8383120567376,69.9295835539811,235.494252083333,25.8220279722222,1.92393611111111,0.0
2020-08-27,0.0,4.4475,11.6236111111111,26.6441597222222,73.9567080782598,191.407436805556,26.5656177944444,1.72099861111111,0.0
2020-08-28,0.0,4.44611111111111,11.85625,26.4417569444444,73.8940182374054,167.316335416666,27.3678097055556,1.28259305555556,0.254
2020-08-29,0.0,4.68173611111111,11.7985416666667,26.5340347222222,74.8662848405223,155.999186805555,26.2696676,1.38826736111111,2.286
2020-08-30,0.0,5.10694444444444,11.675,26.1562152777778,72.0253090414958,211.553302777778,24.9372494222222,1.29749861111111,0.0
2020-08-31,0.0,6.73479166666667,11.8048611111111,25.5432222222222,66.6927646438202,45.1227444444443,20.6285069444444,1.27039791666667,51.8159999999999
2020-09-01,0.0,8.699375,12.1763888888889,24.6709236111111,60.460702709669,73.3682520833336,21.2297777777778,0.966625694444444,5.334
2020-09-02,0.0,7.89797202797203,12.6473426573427,24.6367202797203,61.1456560749193,205.802719444445,26.6026349722222,1.38453125,0.0
2020-09-03,0.0,6.83916083916084,12.1848251748252,25.5793076923077,66.6165260219899,216.93148125,27.4094258055556,1.89584791666667,0.0
2020-09-04,0.0,6.55881118881119,11.3794405594406,26.2163776223776,69.40285190401,218.097556944445,25.5920919222222,2.03163472222222,0.0
2020-09-05,0.0,6.89673611111111,11.8325694444444,25.4717013888889,65.7044604115821,266.147621527777,22.03466395,2.3010875,0.0
2020-09-06,0.0,7.45363636363636,11.9381818181818,24.9081818181818,61.0120719841473,246.578506944445,20.9185174055556,1.77140833333333,0.0
2020-09-07,0.0,7.54111111111111,12.4985416666667,24.5948541666667,58.8914889077824,245.130946527778,22.0390912833333,1.51430416666667,0.0
2020-09-08,0.0,7.41861111111111,12.3095833333333,24.6801180555556,59.7992438406247,241.478346527777,22.9569936722222,1.64535138888889,0.0
2020-09-09,0.0,8.78277372262774,12.4300729927007,24.6936423357664,59.2617222600944,108.389440972222,23.9318663166667,1.27475,0.254
2020-09-10,0.0,8.30659722222222,12.3713194444444,24.8100833333333,60.0605537235206,137.525170833334,24.2569934611111,1.45924791666667,8.12799999999999
2020-09-11,0.0,8.80034722222222,12.5417361111111,25.0384305555556,61.4312020534863,142.907254166666,24.9871279444444,1.87418472222222,0.0
2020-09-12,0.0,10.8459440559441,13.0105594405594,24.2471188811189,56.5734168420075,56.2982229166668,22.769625,1.50362152777778,0.0
2020-09-13,0.0,10.2097902097902,13.0991608391608,23.794006993007,53.4299361826748,177.890404166666,22.9555818777778,1.22582291666667,0.0
2020-09-14,0.0,9.23819444444444,12.4255555555556,24.3356944444444,57.1451484658851,192.29803125,23.2892955555556,2.12462916666667,0.0
2020-09-15,0.0,10.4395833333333,12.6402083333333,23.8264583333333,53.0182553352045,165.55401875,17.1854712611111,1.23389027777778,0.0
2020-09-16,0.0243412231404959,11.4762595419847,12.6104580152672,22.7324580152672,46.2499767327658,147.062916666666,13.8687625,1.54394513888889,0.0
2020-09-17,0.0,11.8718881118881,12.6664335664336,22.0439440559441,41.7010150210336,26.3771388888889,17.3771458333333,1.3975125,0.254
2020-09-18,0.0,10.0660839160839,12.5096503496504,22.0722587412587,40.7335517937548,186.945464583334,20.0494057388889,4.17313125,0.0
2020-09-19,0.0,10.4488811188811,12.6087412587413,21.3711048951049,37.2956689659746,189.817254166667,13.3456543555556,2.23802847222222,0.0
2020-09-20,0.0,9.65236111111111,12.7275,20.3320208333333,30.6697413625019,240.937613888889,11.3743928,1.75698055555556,0.0
2020-09-21,0.0,8.75293706293706,12.6821678321678,19.7924195804196,27.6640905560865,235.550961111112,12.5468791055556,1.65598263888889,0.0
2020-09-22,0.0,7.42819444444444,12.4309027777778,19.7042083333333,26.9468429486438,229.289014583332,14.5371940222222,2.43619930555556,0.0
2020-09-23,0.0,7.94636363636364,12.4114685314685,19.3895314685315,25.2901162818735,192.406664583334,18.3907455,2.16933402777778,0.0
2020-09-24,0.0,8.64875,12.6119444444444,19.4141944444444,25.2909774348884,70.7666673611108,18.2554852833333,1.52489236111111,0.0
2020-09-25,0.0,9.83256944444445,12.8380555555556,18.9220833333333,22.6054678912109,27.3167034722222,16.9406944444444,1.00929583333333,37.846
2020-09-26,0.0,9.15678321678322,12.6609090909091,19.0011188811189,22.4167265900033,159.251275694445,18.7813240555556,1.52062916666667,0.254
2020-09-27,0.0,9.58762237762238,12.7644755244755,19.0534685314685,23.3993321226336,150.67750625,19.4430442222222,1.26523958333333,0.0
2020-09-28,0.0,10.4545454545455,12.9725174825175,19.2145664335664,24.0661606583219,114.387516666667,19.768875,1.46321944444444,4.064
2020-09-29,0.0,10.3153472222222,12.8391666666667,19.2882222222222,23.5516202889007,20.7973201388889,16.6569861111111,3.04660555555556,32.5120000000001
2020-09-30,0.0,9.42839160839161,12.4611888111888,18.6238251748252,19.4278697186185,220.645189583334,14.9580421833333,1.57896736111111,0.0
2020-10-01,0.0,9.24962406015038,12.3667669172932,18.7382030075188,19.8522814584019,169.180671527777,18.2279722222222,2.39441388888889,0.0
2020-10-02,0.0,10.0925,12.3714583333333,18.5686180555556,19.076251209095,215.215213888888,15.37884725,2.75513125,0.0
2020-10-03,0.0,11.8016783216783,12.5346153846154,17.7625664335664,15.3359925194773,201.295700694445,12.9000658055556,1.85734097222222,0.0
2020-10-04,0.0,12.7852083333333,12.6157638888889,17.4099097222222,13.8246379880732,193.612222916667,14.2545761566667,1.16529513888889,0.0
2020-10-05,0.0,11.47656,12.4876,17.584616,14.675449931669,213.714559722223,14.3891293444444,2.65208819444444,0.0
2020-10-06,0.0,12.7287412587413,12.4645454545455,17.3156083916084,13.8232611751898,207.244657638888,16.0602058166667,1.42874652777778,0.0
2020-10-07,0.0,10.1530555555556,12.2440277777778,18.0759652777778,17.4996450132695,199.838363194444,21.9972559166667,2.46714652777778,0.0
2020-10-08,0.0,10.3211888111888,12.2491608391608,18.0969160839161,17.1702536971193,202.327201388889,20.8593922333333,2.47357986111111,0.0
2020-10-09,0.0,13.4288811188811,12.4321678321678,17.4652027972028,14.1919951428578,138.369313505948,16.4963100611111,1.25899791666667,0.0
2020-10-10,0.0,14.0980555555556,12.5203472222222,17.4029583333333,13.9672809157362,40.4036548611111,18.5142244777778,1.17249583333333,13.716
2020-10-11,0.0,14.1422916666667,12.614375,17.2493194444444,13.2367710506204,27.5938402777779,19.7112863055556,1.63193541666667,26.416
2020-10-12,0.0,15.1247552447552,12.5638461538462,17.3673916083916,13.7479684529719,46.5072777777775,21.0820015666667,1.30512847222222,1.27
2020-10-13,0.0,12.3000694444444,12.4129166666667,17.8668472222222,15.7260120541846,180.454370138888,19.5671811555556,2.63000486111111,0.254
2020-10-14,0.0,11.9512676056338,12.4116901408451,17.1553873239437,12.4041407073022,184.980665972222,17.5670053833333,2.30185347222222,0.0
2020-10-15,0.0,13.1325694444444,12.6064583333333,16.7714444444444,11.0834330764127,151.063457638889,17.6309648611111,1.3022875,0.0
2020-10-16,0.0,10.7518181818182,12.5240559440559,17.0105314685315,10.8211930504761,79.4968833333334,14.4980403,4.23745625,0.0
2020-10-17,0.0,10.271875,12.4813888888889,16.3142986111111,8.95507127875539,180.967799305557,8.833940515053,1.96652638888889,0.0
2020-10-18,0.0,10.9350694444444,12.5504861111111,15.6580138888889,7.02250412398966,174.008984027778,9.20567152777778,1.43609236111111,0.0
2020-10-19,0.0,12.1379861111111,12.6454166666667,15.4657291666667,6.59350822024456,168.239018055556,12.6817784722222,1.44639861111111,0.0
2020-10-20,0.0,11.4129370629371,12.5472027972028,15.866013986014,8.37157171633053,165.852379861111,15.3997638888889,1.34161944444444,0.0
2020-10-21,0.0,12.1941958041958,12.5443356643357,16.0607482517483,9.36226570325003,167.856680555556,18.013375,1.39072986111111,0.0
2020-10-22,0.0253793055555555,12.9848611111111,12.5984027777778,16.3314861111111,11.6732445815503,165.945683333334,18.4546805555556,1.39188125,0.0
2020-10-23,0.0,13.3424647887324,12.6166197183099,16.6419154929577,12.5342091713586,169.215488888889,18.2466458333333,1.30037291666667,0.0
2020-10-24,0.0,10.4019718309859,12.119014084507,18.1378661971831,18.8178173564136,113.490165972222,19.0034236111111,1.86979930555556,4.572
2020-10-25,0.0,17.8516083916084,12.8197202797203,16.5238531468531,11.4657271406752,26.6151951388888,10.6601388888889,1.17244375,16.51
2020-10-26,0.0,14.6451127819549,12.5225563909774,16.4874511278196,11.6286171753965,164.762856249999,13.4806180555556,1.32855972222222,0.0
2020-10-27,,16.4674468085106,12.4553191489362,16.7438439716312,,65.2464215277773,16.1551111111111,1.56712777777778,0.0
2020-10-28,,16.883986013986,12.5353146853147,16.6334895104895,,40.7410131944442,16.6027569444444,1.05397708333333,0.762
2020-10-29,,16.3390076335878,12.5543055555556,16.8136458333333,,54.1653784722223,19.42375,2.17095138888889,50.7999999999999
2020-10-30,0.0,12.0671328671329,12.4877622377622,16.5491958041958,8.59895874989009,111.311669444444,11.5135590277778,3.26770902777778,0.254
2020-10-31,0.0,11.84375,12.6781944444444,15.0312152777778,5.36773009634819,140.97110625,6.53291388888889,1.69632152777778,0.0
2020-11-01,0.0,9.50867132867133,12.7107692307692,14.5516993006993,3.38457580900003,124.841394444444,10.1865881944444,2.27842291666667,13.462
2020-11-02,59.0817905208333,9.11013986013986,11.9181818181818,13.146041958042,0.169987908699789,167.676721527777,4.51286527777778,2.84514930555556,0.0
2020-11-03,64.5976464583333,8.67461538461538,11.4634965034965,12.3042587412587,0.245366201493528,161.573147222221,9.61313958333333,3.12295694444445,0.0
2020-11-04,40.7302901388889,8.85631944444444,11.6547916666667,11.9892777777778,0.523676524398988,157.830538194444,11.3799965277778,1.93675138888889,0.0
2020-11-05,36.1814773611111,8.31986013986014,11.8181818181818,11.9592587412587,0.907262540428739,154.36386875,11.5595333333333,1.75202777777778,0.0
2020-11-06,41.2501529861111,7.20132867132867,12.0379020979021,12.3156853146853,2.03152835157389,152.833299305555,13.6825416666667,2.1554875,0.0
2020-11-07,36.3055577777778,8.60048951048951,12.1144055944056,12.3313566433566,2.0535515995812,149.356684027778,14.6959828555556,1.90328819444444,0.0
2020-11-08,27.9564670138889,9.81756944444444,12.2169444444444,12.4878194444444,2.53554821033255,136.073902777778,15.4804236111111,1.76452847222222,0.0
2020-11-09,22.81495125,11.0465034965035,12.2954545454545,12.6524335664336,2.95194474905422,135.835543055556,16.4646180555556,1.55400555555556,0.0
2020-11-10,23.0535575193798,14.9778417266187,12.383381294964,12.7511007194245,3.71613730593722,85.4218006944448,18.3726180555556,1.40032847222222,1.27
2020-11-11,23.4373156944444,14.9202112676056,12.4302816901408,13.0779295774648,4.93547476493538,15.9033395833333,19.2621388888889,1.71158819444444,64.516
2020-11-12,16.6008314861111,12.9545070422535,12.7266197183099,14.6590281690141,17.491372084149,15.7424270833333,15.3754583333333,2.0814,34.29
2020-11-13,5.71265203472222,13.3972222222222,13.2771527777778,14.5676388888889,14.8822869053616,129.94493125,13.111875,1.54710138888889,0.508
2020-11-14,1.523448125,12.3918881118881,13.3097202797203,13.6723146853147,8.88475772206518,130.720315972223,10.2927743055556,1.42997361111111,0.0
2020-11-15,4.60675025694444,9.66868055555556,13.5054861111111,12.8977013888889,4.26674776982661,19.6731624999999,13.4158611111111,3.44116666666667,0.0
2020-11-16,65.1076581944444,6.97590277777778,13.5550694444444,12.1268680555556,0.191053855598409,145.512220138889,9.61367361111111,2.67302361111111,0.0
2020-11-17,79.52552875,6.35328671328671,13.493986013986,11.3536363636364,-0.316438454852852,92.2799430555554,6.46343958333333,3.05633402777778,0.0
2020-11-18,79.277944375,6.27368055555556,13.5654166666667,10.433625,0.121242757480546,141.183614583332,2.81888402777778,2.58215625,0.0
2020-11-19,52.5155629166667,7.12541666666667,13.6967361111111,9.90552777777778,0.460306527564845,135.206795833333,4.41548541666667,1.56846388888889,0.0
2020-11-20,67.8050357638889,6.66464788732394,13.7221830985915,9.80178873239437,0.749954975985975,135.227709722222,11.2626565388889,2.41605277777778,0.0
2020-11-21,76.2997579166667,6.51097222222222,13.7750694444444,10.0081944444444,1.45351094906013,124.830334722222,14.1524930555556,2.92213194444445,0.0
2020-11-22,55.0153909722222,7.14319444444444,13.8463888888889,9.81142361111111,0.952997175023759,73.7171854166668,13.5418194444444,1.29266736111111,0.0
2020-11-23,81.8173095833333,6.17774647887324,13.9629577464789,9.92595070422535,0.174483098845141,133.081456249999,7.74405555555556,2.87002777777778,0.762
2020-11-24,74.7071779861111,7.49611111111111,14.0315277777778,9.52384722222222,0.154142891724395,98.0543682336182,5.17649753347428,1.56950208333333,
2020-11-25,64.2620794444444,7.42615384615385,14.0159440559441,9.26362237762238,0.0741563673447614,46.6297743055559,7.83829652777778,2.13400208333333,0.0
2020-11-26,72.8256827777778,6.92587412587413,14.0573426573427,9.63431468531468,0.451735956435354,125.817278472223,13.1702438888889,1.92234513888889,0.0
2020-11-27,68.9940196527778,7.5344055944056,14.1002797202797,9.81763636363636,1.06725775992382,110.266710416667,9.88758472222222,1.94814375,0.0
2020-11-28,77.0589750694444,7.08181818181818,14.154965034965,9.86263636363636,0.58355396982745,124.794488194445,9.28989861111111,2.32790625,0.0
2020-11-29,74.78146,7.11874125874126,14.174965034965,9.41045454545455,0.200208176568438,100.5551625,7.62299513888889,1.81789166666667,5.842
2020-11-30,79.874386875,6.53685314685315,14.1421678321678,9.33665034965035,0.0976679631557011,53.8449652777776,7.45708888888889,2.09898333333333,30.7340000000001
2020-12-01,89.7736761805556,5.65708333333333,14.254375,8.59699305555556,-0.0117008142554672,56.4618243055555,0.899670138888889,3.14774861111111,0.0
2020-12-02,89.4880500694444,6.05265734265734,14.328951048951,7.79546853146853,0.0162940336322014,127.342061805556,2.385575,3.44238958333333,0.0
2020-12-03,86.9112300694444,6.37819445138889,14.3534027777778,7.46106944444444,0.244837988460717,118.783476388889,5.01117430555556,1.99414652777778,0.0
2020-12-04,70.1815972222222,6.73105634507042,14.4106338028169,7.28772535211268,0.373623918642307,35.7300069444444,8.1258875,1.40377569444444,30.4800000000001
2020-12-05,90.2031831944444,4.99454545454545,14.4227272727273,7.08613286713287,-0.0045629490977778,40.8930763888887,6.09230555555556,2.73104097222222,2.286
2020-12-06,89.0945906944444,5.68161971830986,14.4303521126761,6.91345774647887,0.1143870145176,118.984585416667,3.83692222222222,1.88360486111111,0.0
2020-12-07,85.6519330555556,5.5427972027972,14.4255944055944,6.75115384615385,0.0156787675000504,27.575117361111,1.05361458333333,2.24768472222222,1.016
2020-12-08,90.5543673611111,4.60138888888889,14.460625,5.89342361111111,-0.0093476269876733,121.876322916667,-0.0841881944444444,4.31053611111111,0.254
2020-12-09,90.6849935416667,5.10486111111111,14.5086805555556,5.36827083333333,-0.0016668504030347,88.9292770833331,3.80058194444445,3.21479166666667,0.0
2020-12-10,89.0305309722222,5.71444444444444,14.5030555555556,5.342125,0.0944451115888175,102.696234027778,8.31814108222222,1.61120416666667,0.0
2020-12-11,78.7029095138889,5.93909090909091,14.5251048951049,5.20683216783217,0.0813618933218546,114.781152777777,8.11357222222222,1.633875,0.0
2020-12-12,78.3892348611111,5.56055555555556,14.4760416666667,5.33200694444444,0.164789430790139,98.3000090277775,11.1115145833333,2.05310555555556,0.0
2020-12-13,84.4850704861111,4.64167832167832,14.2408391608392,6.13820979020979,0.315412517928896,117.138902777778,11.5486708333333,1.90012916666667,0.0
2020-12-14,87.7464759027778,4.40867132867133,14.1639160839161,6.12313986013986,0.350529722373932,50.1253944444445,5.61895763888889,3.2581,30.7340000000001
2020-12-15,90.440688125,4.83423611111111,14.2054861111111,5.67042361111111,0.0874204565100083,113.354957638888,0.628702777777778,1.68613958333333,0.0
2020-12-16,89.6516089583333,5.10458333333333,14.2520138888889,5.33653472222222,0.0011094330229417,12.4379465277777,-0.391261805555556,0.794623611111115,11.938
2020-12-17,91.1770715277778,4.59230769230769,14.3167132867133,4.9624965034965,-0.0032021485123779,33.8730902777779,3.03026527777778,1.43399513888889,7.87399999999999
2020-12-18,91.6899611111111,4.55993055555556,14.3208333333333,4.71261111111111,-0.0056183755503598,65.6620381944443,0.31239375,2.88694166666667,0.0
2020-12-19,85.3990286805556,5.02958333333333,14.3190277777778,4.49820833333333,0.0265397606174256,88.3127444444445,-0.18171875,1.38782222222222,0.0
2020-12-20,74.1026290277778,5.30528169014084,14.2656338028169,4.42808450704225,0.0202768724266788,98.7958687500003,3.91725763888889,1.35756180555556,0.0
2020-12-21,84.0687990277778,4.67958333333333,14.1715972222222,4.61048611111111,0.0194833639455928,112.378022916667,6.81694375,1.95363263888889,0.0
2020-12-22,93.2904544444444,4.22201388888889,14.0039583333333,4.64240972222222,0.0020063576563714,115.786027083333,5.37566041666666,2.62476666666667,0.0
2020-12-23,89.6860684027778,4.98611111111111,13.9957638888889,4.51591666666667,0.0177686942533432,109.560047916666,3.9406625,2.25322361111111,0.0
2020-12-24,83.5674474305556,5.37597222222222,13.9846527777778,4.53374305555556,0.0104628968354846,11.39599375,8.20743333333333,3.19612847222222,15.24
2020-12-25,92.8737886111111,4.26601398601399,13.8594405594406,4.08524475524476,-0.0002234843392808,90.8659631944445,-5.07591458333333,3.12850277777778,0.0
2020-12-26,91.3909192361111,4.56531468531468,13.8404895104895,3.14959440559441,0.0156819564857957,94.5502090277777,-5.25292638888889,2.85874652777778,0.0
2020-12-27,88.4900722222222,5.350625,13.8389583333333,2.85948611111111,0.185875037744589,115.830455555555,0.154817361111111,1.5309375,0.0
2020-12-28,88.9284363194444,4.8126618705036,13.7563571428571,3.04597857142857,0.0647208400194487,74.7863201388888,4.80934930555555,2.28243055555556,0.0
2020-12-29,92.3124269444444,4.59034722222222,13.6863888888889,3.02136111111111,0.0355960539678887,116.828433333333,2.29318194444444,1.80924097222222,0.0
2020-12-30,88.4787884722222,5.23847222916667,13.5453472222222,3.310125,0.0233053314881752,110.538117361111,1.51859722222222,1.95022291666667,0.0
2020-12-31,91.1001880555556,5.16152777777778,13.5166666666667,3.44963194444444,0.0094049028714267,79.002038888889,10.1420931033333,1.70096944444444,0.0
2021-01-01,90.4610115277778,5.81762237762238,13.4044755244755,3.61229370629371,0.005872313770659,11.2603027777778,2.01901597222222,1.33209027777778,15.494
2021-01-02,93.0653235416667,5.0306993006993,13.3339160839161,3.7472027972028,0.0011124819378359,109.427684027778,8.78059513888889,2.26335625,0.0
2021-01-03,93.8060429166667,5.59874999305556,13.2693055555556,4.05855555555556,0.0004695560676292,43.5606979166668,6.13440208333333,1.40389097222222,3.302
2021-01-04,95.0860901388889,5.50950704225352,13.2251408450704,4.12915492957746,-0.0009619585282061,43.2110652777779,2.92055625,1.41123888888889,0.0
2021-01-05,93.2424170833333,5.13847222222222,13.129375,4.10967361111111,-8.9947878892421e-05,73.5977958333328,3.55887430555555,2.06844444444444,0.0
2021-01-06,96.4073372222222,4.83447552447552,13.0708391608392,3.94404895104895,-4.19197588781083e-05,95.7679659722223,2.71047569444444,3.02018125,0.0
2021-01-07,92.7420639583333,5.41798611111111,13.0115277777778,3.73822916666667,-0.0042943728542925,112.212755555555,1.86376666666667,2.04749722222222,0.0
2021-01-08,88.62920625,6.05243054861111,12.9373611111111,3.77895833333333,0.0045556837583217,25.8885770833334,1.65103958333333,1.94215694444444,2.032
2021-01-09,96.1366083333333,4.77268115942029,12.9091304347826,3.48654347826087,-0.0001460149129347,128.257175,1.2595375,4.99977430555556,0.0
2021-01-10,95.4471846527778,5.37295774647887,12.8675352112676,3.13691549295775,0.0269789586389136,122.494018055555,0.814138888888889,2.73368819444444,0.0
2021-01-11,90.0980111805556,6.40597221527778,12.8928472222222,2.66226388888889,0.32397425255093,29.5988583333334,1.03404583333333,1.66239444444444,0.508
2021-01-12,95.3219830555555,5.26370628671329,12.816993006993,2.82870629370629,0.0474272403168413,130.135077083334,4.07350277777778,2.61171944444444,0.0
2021-01-13,95.8214878472222,5.52159722222222,12.736875,2.89475694444444,0.0458673918230639,133.3073,2.70714483111111,2.54545,0.0
2021-01-14,96.0087097916667,5.6220979020979,12.691048951049,2.72874125874126,0.0992415643947805,133.884222916666,3.77149097222222,2.66238680555556,0.0
2021-01-15,92.1563791666667,7.01715276388889,12.5773611111111,3.22670138888889,0.0925483411626981,24.5227416666666,0.435061805555556,1.80200694444444,3.81
2021-01-16,92.80314125,6.22146853146853,12.6242657342657,2.61006293706294,0.141893487956207,55.2116736111107,0.831928472222222,2.36064513888889,0.508
2021-01-17,96.0622809027778,6.54804195804196,12.5204195804196,2.59897902097902,0.0457688121127362,68.6149423611114,2.54243958333333,1.80160694444444,0.0
2021-01-18,96.2871861805556,6.56559440559441,12.4851048951049,2.58341958041958,0.0589853336326917,52.999815277778,1.27313611111111,2.01446458333333,0.0
2021-01-19,95.3791834722222,6.90291665277778,12.4223611111111,2.62000694444444,0.0524299087492245,100.923420138889,3.51533680555556,1.76522430555556,0.0
2021-01-20,96.9600427083333,6.28472221527778,12.3922916666667,2.69665277777778,0.0555804367019807,138.968974999999,2.50241805555556,2.74063819444444,0.0
2021-01-21,96.9163457638889,6.14236111111111,12.363125,2.63127083333333,0.04080009848147,138.206025694444,4.54610902777778,2.55184722222222,0.0
2021-01-22,97.2131913194444,6.12181816783217,12.277972027972,2.76711888111888,0.0142584818659892,117.610220138889,4.83315833333333,2.27254027777778,0.0
2021-01-23,97.0845032638889,6.43993054166667,12.2397916666667,2.63093055555556,0.0162499858430396,147.169078472222,-0.21473125,2.577325,0.0
2021-01-24,93.2299290972222,8.20736110416667,12.2175,2.61674305555556,0.1516569280693,75.9866180555557,-0.393782638888889,1.50043541666667,0.0
2021-01-25,91.1506030555555,8.51833331944444,12.1895138888889,2.72008333333333,0.0810502767936637,11.8153541666667,2.12424791666667,1.40604305555556,19.304
2021-01-26,87.9358950694444,8.09272723776224,12.0471328671329,2.88727272727273,0.0761643315507131,53.5904611111112,1.72743611111111,1.26794236111111,29.972
2021-01-27,95.6492134722222,7.07218308450704,12.0299295774648,2.80116197183099,0.0307586961293469,100.603954166667,5.52902430555556,2.13923121387283,2.032
2021-01-28,96.8682503472222,6.32951386805556,11.8827777777778,2.70454861111111,0.0684425190867553,79.2434180555559,-2.68222430555556,4.14134316037736,0.254
2021-01-29,97.0434845138889,6.31319444444444,11.7882638888889,2.16291666666667,0.0070273403791425,154.244458333333,-3.93335347222222,2.42374166666667,0.0
2021-01-30,96.2134975,7.37506943055556,11.7372222222222,2.05325,0.399168640992699,110.660962500001,-1.88401180555555,1.75639444444444,0.254
2021-01-31,89.396795625,9.18208329166667,11.6110416666667,2.49709027777778,0.226344847417015,27.3815791666666,-1.83606111111111,1.51678333333333,0.254
2021-02-01,93.5681552083333,6.58167831468531,11.6647552447552,1.84676923076923,0.0938277063770756,76.2181708333332,-0.178318055555556,3.82524236111111,8.63599999999999
2021-02-02,96.6622936111111,5.94736111111111,11.5985416666667,1.79770833333333,0.0175988090435134,92.737309722222,-1.67716805555556,5.22525138888889,0.0
2021-02-03,95.8935093055556,6.11937063636364,11.6427272727273,1.39918181818182,0.0156976712694101,167.064054861111,-0.386172916666666,3.09714097222222,0.0
2021-02-04,95.9926770138889,6.50999997916667,11.604375,1.31603472222222,0.0518537626284594,129.232113194444,2.03048958333333,3.15370694444445,0.0
2021-02-05,96.1857611805556,6.75209786013986,11.4733566433566,1.82652447552448,0.118868034629137,136.979504861111,4.24338958333333,2.17389791666667,0.762
2021-02-06,97.3669623611111,6.88139858741259,11.4486713286713,1.77644755244755,0.062883701929446,84.7807791666665,3.79818888888889,2.18326875,0.0
2021-02-07,97.0243957638889,6.80951385416667,11.3795833333333,1.88561111111111,0.171941178579201,125.172384027778,0.720845833333334,2.85098472222222,5.842
2021-02-08,96.5914669444444,7.07888888194444,11.3365277777778,1.87102777777778,0.185731161944645,154.489871850252,-0.591462196861627,1.8071697574893,0.0
2021-02-09,96.9672827777778,7.07166664583333,11.2282638888889,2.34851388888889,0.045307082039391,140.105411111112,6.06346041666667,1.74441111111111,0.0
2021-02-10,98.4989915972222,8.4061110625,11.1203472222222,2.61863888888889,0.018601015094179,43.5986513888888,3.39358194444444,1.74697430555556,0.0
2021-02-11,94.153364375,9.1869444375,11.0934722222222,2.72196527777778,0.0322379000193411,15.8487791666667,1.63907777777778,1.24951458333333,10.16
2021-02-12,89.6562127777778,9.09055552777778,11.0774305555556,2.64926388888889,0.098849119063071,28.4661812500001,-1.96573402777778,1.05692569444444,0.0
2021-02-13,82.1686530555556,8.86215275694444,11.0586805555556,2.58383333333333,0.138784420127557,29.9933458333334,-0.3537375,0.903763218390805,10.668
2021-02-14,81.624964375,8.35583330555556,11.0276388888889,2.40708333333333,0.271409962941925,33.8945506944445,0.905529861111111,0.694399425287356,15.24
2021-02-15,79.6285069444444,8.85597220833333,10.9954166666667,2.72625694444444,0.144441009666347,28.1879951388888,0.484179861111111,1.12978333333333,13.716
2021-02-16,92.0718617361111,7.15604165277778,10.8835416666667,2.75201388888889,0.0331571195375264,132.641395138888,0.862487499999999,1.99545486111111,1.016
2021-02-17,97.5893878472222,6.84979165277778,10.8890972222222,2.48099305555556,0.021854766975567,139.683681250001,-2.60310625,2.31776458333333,0.0
2021-02-18,96.9532729166667,8.19951046153846,10.778951048951,2.61804195804196,0.112023346084755,21.1396805555555,-1.31202916666667,1.55481203007519,0.0
2021-02-19,96.8055146527778,6.24173609722222,10.7572916666667,2.24238888888889,0.0267575576687587,137.534385416667,0.616022222222223,3.2838819523269,20.828
2021-02-20,97.8998640972222,5.83461538461538,10.7094405594406,2.14295804195804,-0.0030074560575214,192.419586111111,-3.71679097222222,2.83728888888889,0.0
2021-02-21,96.1930795138889,6.36475524475524,10.6205594405594,2.28285314685315,0.0726017886542899,166.66682361111,-2.37694166666667,1.79257777777778,0.0
2021-02-22,94.9807190277778,7.21838026056338,10.546338028169,2.6115985915493,0.121017512852382,74.4164263888889,3.88315763888889,2.64994930555556,6.604
2021-02-23,99.09593,6.0106337887324,10.4113986013986,2.71993006993007,-0.0115112545031039,191.733314583333,7.85083630111111,2.22790347222222,0.0
2021-02-24,99.2311136805556,6.05930555555556,10.2844444444444,3.10648611111111,-0.0142214451144358,193.228959722223,9.24717109444444,2.60865902777778,0.0
2021-02-25,101.072728333333,6.22223774825175,10.1355943846154,3.73807692307692,-0.0056082211174797,196.54004375,9.51187898333333,2.77562916666667,0.0
2021-02-26,99.9330376388889,7.81152776388889,10.021041625,4.23408333333333,0.0003172331087688,27.9047088873337,3.94031041666667,1.72335833333333,5.588
2021-02-27,97.2747400694444,7.56006993706294,10.0348610625,4.28716666666667,0.01294381599209,64.5938951388888,5.70365208333333,1.11228888888889,11.176
2021-02-28,92.8778538194444,8.699861125,10.0114582638889,4.44659722222222,0.0418255019467365,32.1694270833333,9.51703472222222,1.46153541666667,8.63599999999999
2021-03-01,101.518242152778,8.20767607042253,9.93486104861111,4.87230555555556,0.0043415340766452,39.2698972222222,9.66533402777778,2.68982847222222,6.096
2021-03-02,99.7714531944444,7.10937064335664,9.85832158041958,4.81995804195804,0.0737582590674134,160.354072916667,2.26057222222222,2.2202375,0.0
2021-03-03,99.1011895833333,6.81923076923077,9.71194446527778,5.15484027777778,0.10768069419644,220.4793625,6.34377274111111,2.32033541666667,0.0
2021-03-04,102.826901388889,6.67732394366197,9.56971830985916,5.54933802816901,0.0417111681196144,217.479948611111,8.24881063333333,2.7183625,0.0
2021-03-05,101.610615972222,6.76111110416667,9.57090275694445,5.30672916666667,0.0220579903851749,226.074288194444,1.77509166666667,2.72357430555556,0.0
2021-03-06,101.100673611111,7.60555555555556,9.50055554166667,5.30608333333333,0.0344405792642412,221.579997916666,3.68005,2.5997125,0.0
2021-03-07,99.7044434027778,7.65879429078014,9.36218305633803,5.57231690140845,0.10174227906618,223.387836805556,2.56317222222222,1.96280069444444,0.0
2021-03-08,99.4331977235772,7.0898485,8.76947761940298,6.16973880597015,0.676711637629944,230.308452083332,4.86749097222222,2.05128333333333,0.0
2021-03-09,99.2858167361111,6.28146853146853,8.19118879020979,6.56236363636364,1.21378000694874,210.926529861111,10.9581373655556,2.15498263888889,0.0
2021-03-10,97.9425867361111,7.35873237323944,8.20239432394366,6.63211971830986,1.75640995601052,213.962897916666,11.8048319444444,2.16957708333333,0.0
2021-03-11,97.0812213888889,7.68354166666667,8.22152782638889,7.11967358333333,2.95475706403715,186.055663888889,13.8991031,2.02860625,0.0
2021-03-12,96.2570882638889,8.31161973239437,7.91345072535211,8.96238028169014,5.62869479206313,63.1775861111109,15.5982916666667,2.4258125,0.0
2021-03-13,95.0579018055556,8.49423610416667,7.91847222916667,9.00871522916667,5.58037318585234,122.009208333333,11.3165333333333,2.38389583333333,0.0
2021-03-14,94.9882359722222,8.28020834722222,7.94083334027778,8.64259716666667,3.21787120695387,132.097322222222,10.62543125,3.64342777777778,0.0
2021-03-15,94.5741327083333,9.9523076993007,8.16153854545455,7.73651048251748,2.44912941503647,88.3163166666664,5.73986944444444,1.81357777777778,1.27
2021-03-16,92.0438033333333,11.0459722013889,8.279375125,7.13340277777778,1.49576386207929,100.261397916667,3.58791666666667,1.86088333333333,0.0
2021-03-17,91.431624375,9.69629373426574,8.25517478321678,7.32274125874126,1.67690901122967,195.430614583333,7.80335763888889,1.85256805555556,1.27
2021-03-18,89.8910155555556,11.9781944375,8.18861115972222,7.62672919444444,1.74240925525372,36.1496805555555,8.19683680555556,1.92709375,18.796
2021-03-19,89.4938248611111,9.36243055555556,7.98500015277778,8.44150698611111,2.97880166924713,252.442295833334,6.57399791666667,3.91794444444444,11.684
2021-03-20,88.2759315277778,9.79867132867133,8.02902106293706,8.30965731468531,2.94620032666724,253.610285416666,4.92251111111112,1.52931875,0.0
2021-03-21,87.1968042361111,9.48272723776224,8.00573427972028,8.3888811048951,3.04139905047305,255.7414875,7.28211666666667,1.75371944444444,0.0
2021-03-22,86.0897502083333,9.3097902027972,7.89874128671329,8.80638455944056,4.11435629946328,252.500105555555,10.0810319444444,2.04800208333333,0.0
2021-03-23,84.546019375,11.8048251818182,7.85160842657343,9.17418883916084,5.12763669575501,52.9808687499998,10.0192534722222,1.64333055555556,3.81
2021-03-24,83.4138988194444,10.5138461608392,7.88111888811189,9.61696506993007,6.63118602059456,98.2107868055554,12.035125,1.29011388888889,0.508
2021-03-25,82.5821220833333,10.6336110694444,7.86000004166667,10.0191110902778,8.0851625580196,53.9578201388889,13.4998472222222,2.2039375,8.38199999999999
2021-03-26,81.612461875,7.87076924475524,7.70000004895105,11.3346923216783,11.4491173927642,244.785733333333,17.7807986111111,2.72361388888889,3.048
2021-03-27,80.4122198611111,8.82999997916667,7.68736111111111,11.8220000138889,14.1842464630027,126.098849305555,12.9286787111111,1.74500902777778,7.874
2021-03-28,78.5387586111111,9.7288194375,7.74166665972222,11.9873472222222,12.87888483444,61.3435534722221,13.3998534722222,2.40141736111111,10.414
2021-03-29,77.980525625,8.74195804895105,7.73573426573427,11.3055944055944,9.06995369397003,270.185962499999,7.82337847222222,2.32475763888889,0.0
2021-03-30,76.1635627777778,9.97258741958042,7.90818188111888,11.0178461538462,9.34870064089603,265.537977777779,11.6984388888889,2.48733888888889,0.0
2021-03-31,74.1353425694444,10.6919444444444,7.71402777777778,11.8761597222222,11.1646106632123,52.2218895833333,13.5742854166667,2.27013888888889,12.954
2021-04-01,73.8093831944445,9.27340277083333,7.81034722222222,10.9648055555556,1.04034740078555,220.098132638889,2.80399791666667,4.61828125,0.508
2021-04-02,90.6151417361111,9.73356641258741,7.80699300699301,9.74627968531468,0.162414868320814,284.532853472223,0.735370833333333,4.22719652777778,0.0
2021-04-03,90.6132809027778,11.4448950909091,7.79811188811189,9.57596505594406,2.36613686279682,274.731304166668,5.53776388888889,2.17316180555556,0.0
2021-04-04,88.9593524305556,10.9895804195804,7.77538461538462,10.0238461678322,1.86970161396193,221.009384027777,13.4808180555556,2.47872152777778,0.0
2021-04-05,83.5709709401709,12.417968765625,7.598515625,10.4631328125,6.54306284517476,267.489459722223,14.5642506944444,2.10551527777778,0.0
2021-04-06,80.975285625,9.51861111111111,7.06097222222222,12.5264444444444,8.47604447901062,247.549958333333,17.1648194444444,2.26477013888889,0.0
2021-04-07,77.6524639583333,10.065625,7.36645833333333,12.3749583333333,8.59049191813769,238.626463194444,17.8617241,2.19575069444444,0.0
2021-04-08,70.1715515972222,9.76020833333333,7.67659722222222,11.6026944444444,6.31608706717657,199.253802777778,17.1256736111111,2.21927430555556,1.016
2021-04-09,65.5122311111111,9.16174825174825,7.41881118881119,13.2167412587413,10.7006613606133,88.2468812499999,14.4795,1.41007916666667,0.0
2021-04-10,66.2212822916667,7.47281690140845,7.50669014084507,12.9848309859155,10.4649760225127,91.5975805555552,14.5817638888889,2.02541180555556,17.78
2021-04-11,64.3535788888889,2.78958041958042,6.89174825174825,15.3114825174825,18.1205076568546,267.157916666668,16.5963194444444,2.01771388888889,0.0
2021-04-12,61.0621574305556,2.30090277777778,6.75576388888889,15.8990208333333,22.0038156381896,253.779659722222,14.5649791666667,2.84677708333333,0.0
2021-04-13,54.6160213194444,2.17090909090909,6.73524475524476,16.0723636363636,21.6201426228519,217.116722222223,16.2818680555556,2.04466111111111,0.0
2021-04-14,46.2255445833333,2.34465277777778,7.17145833333333,15.4441527777778,19.93044791941,167.519838194445,15.3140833333333,1.69263541666667,4.318
2021-04-15,46.9286447916667,1.9462676056338,6.85915492957746,16.0539788732394,23.822826204443,199.155007638889,11.9305631944444,2.21559305555556,0.254
2021-04-16,42.5520405555556,2.06062937062937,7.31573426573427,15.0750839160839,19.8960685993033,293.824036805555,10.72436875,2.48282708333333,0.0
2021-04-17,35.6788763888889,2.50263888888889,7.56548611111111,15.0379027777778,19.2440749332662,175.994610416667,11.0939548611111,1.60724930555556,0.0
2021-04-18,29.0132215972222,2.56020833333333,7.560625,15.0832013888889,19.3408267458907,229.750481250001,12.3176819444444,1.85690069444444,0.0
2021-04-19,22.1881996527778,2.94145833333333,7.43159722222222,15.4294583333333,20.6945189155687,176.183021527777,11.9422173611111,1.56527986111111,7.112
2021-04-20,11.9978834027778,2.92027972027972,7.80762237762238,14.9809160839161,18.8521921150916,286.659058333334,15.1038277777778,2.57443402777778,0.0
2021-04-21,15.5664235486111,2.84951388888889,7.71694444444444,15.1655,19.4202809116529,250.500122222223,8.65899097222222,2.12337361111111,0.0
2021-04-22,14.1067263055556,2.9772027972028,7.75,13.766027972028,13.52647755029,214.025195138888,5.44059652777778,2.05024513888889,0.0
2021-04-23,3.99218831944444,3.47138888888889,7.865625,13.1117569444444,11.4596736685056,194.751091666667,7.97273541666666,1.58360972222222,0.0
2021-04-24,0.0324830902777778,4.66583333333333,8.02118055555555,12.6506944444444,9.8528634290327,50.6693381944445,8.209675,1.61740486111111,15.494
2021-04-25,4.4307925625,3.528125,8.03381944444445,12.6116944444444,7.36637075644065,259.273732638889,11.9043902777778,3.35057083333333,0.0
2021-04-26,12.5444441666667,3.65888888888889,8.02006944444445,12.7869791666667,8.76594064088427,301.692089583334,15.1300958333333,1.96001666666667,0.0
2021-04-27,8.46082640277778,3.24611111111111,7.95104166666667,13.7150486111111,12.192099975889,298.654580555556,19.1698702444444,2.01194861111111,0.0
2021-04-28,12.7268464097222,2.66166666666667,7.72201388888889,15.6129722222222,18.9312132307365,273.105449305555,22.9956180555556,1.75902222222222,0.0
2021-04-29,10.9663939861111,2.67055944055944,7.48741258741259,17.4110979020979,26.9303796222348,181.418175,22.7508055555556,2.09550486111111,0.0
2021-04-30,15.9788194375,2.20347222222222,7.288125,17.9686041666667,29.6826351184061,315.720182638888,16.872375,3.82102291666667,0.0
2021-05-01,18.5307862847222,2.55090277777778,7.76298611111111,15.9539583333333,21.1243555901607,320.736126388889,13.0848291666667,2.42331666666667,0.0
2021-05-02,14.9042390069444,2.41486111111111,7.79944444444444,16.0520555555556,21.4862999247697,276.226049305555,19.6798472222222,2.04297986111111,0.0
2021-05-03,8.91402253076923,3.50517730496454,7.92141843971631,16.5305957446809,23.1406733058159,70.2368756944442,17.8240277777778,1.56561527777778,3.81
2021-05-04,13.7947859097222,2.43594202898551,7.72369565217391,17.6215869565217,28.0388449991088,199.905390277777,20.3045833333333,1.68899791666667,1.27
2021-05-05,14.7012153472222,2.21819444444444,7.35236111111111,19.1668541666667,35.8446543146975,243.086901388889,18.4343125,2.49914305555556,0.508
2021-05-06,8.84012995138889,2.52069444444444,7.47736111111111,18.6476388888889,32.5780754449626,314.751584722221,12.1610666666667,1.85536666666667,0.0
2021-05-07,5.12903469444444,2.72629370629371,7.46426573426573,18.0850769230769,30.8160249675167,169.176919444445,10.0313486111111,1.83206388888889,0.0
2021-05-08,4.33552096527778,2.38958041958042,7.52713286713287,17.196048951049,26.4474355710688,331.890794444443,11.3156284722222,2.51096527777778,0.254
2021-05-09,0.0,2.92805555555556,7.70881944444444,16.9098819444444,24.9168684039628,254.963294444444,14.7631694444444,2.49427847222222,0.0
2021-05-10,0.527035840277778,2.63118055555556,7.48305555555556,17.4827847222222,28.0523469080804,222.539981249999,16.4317013888889,2.64444861111111,0.0
2021-05-11,0.0,2.96713286713287,7.46538461538462,17.6465244755245,28.0267189344033,271.313258333333,14.1141736111111,1.66997152777778,0.0
2021-05-12,0.0,2.80091549295775,7.42739436619718,17.1780422535211,25.8542521447484,158.962530555556,10.0248055555556,2.50530069444444,0.0
2021-05-13,0.0,2.74594405594406,7.39153846153846,17.0172727272727,24.5676355186575,289.047247222222,11.8750798611111,2.13260694444444,0.0
2021-05-14,0.0093116826923076,2.22335714285714,7.2305,17.2327142857143,25.4370274230236,221.93119375,12.8153951388889,1.49615625,0.0
2021-05-15,0.0,1.67416666666667,7.02104166666667,17.4773680555556,26.4803615487929,304.006695833333,14.0910388888889,1.84216666666667,0.0
2021-05-16,0.0,2.04133802816901,7.08035211267606,17.5411901408451,26.4708776549124,80.7848708333335,12.9527777777778,0.939765972222222,0.254
2021-05-17,0.0,2.14173611111111,7.20472222222222,17.2573472222222,25.4106398572772,103.124510416667,13.7888333333333,1.12450902777778,0.0
2021-05-18,0.0,2.10204225352113,7.15457746478873,17.3330352112676,25.6960331358727,202.505545833333,15.587125,1.26800555555556,0.0
2021-05-19,0.0,1.83559440559441,6.84965034965035,17.9387482517483,28.4666607268873,294.103822222222,17.7241805555556,1.60166944444444,0.0
2021-05-20,0.0,1.58587412587413,6.5527972027972,18.8876223776224,32.2227078192784,327.222543749999,19.2631111111111,1.80184930555556,0.0
2021-05-21,0.0,1.68,6.46141843971631,19.6494964539007,35.8590863812692,321.338436805555,19.9175100888889,1.49680694444444,0.0
2021-05-22,0.0,1.82430555555556,5.72736111111111,21.3876388888889,44.1240161568565,245.585255555556,21.2096388888889,1.96008055555556,0.0
2021-05-23,0.0,2.09555555555556,5.53215277777778,22.5021319444444,50.8849852117929,264.190554861112,24.5411111111111,2.94449722222222,0.0
2021-05-24,0.0,2.51277777777778,6.04618055555556,21.8833263888889,46.9606099470415,140.0397625,22.7069930555556,2.02999444444444,0.0
2021-05-25,0.0,2.73256944444444,6.33263888888889,21.5292430555556,46.3346219415958,191.397053472222,20.2673333333333,1.24974166666667,0.0
2021-05-26,0.0,1.804375,5.77055555555556,22.7255069444444,52.7094782672279,250.267849305556,24.6655486111111,1.63109930555556,0.0
2021-05-27,0.0,1.52923076923077,5.69335664335664,23.1050559440559,56.8793477719176,255.893748611112,22.4315208333333,1.78724305555556,0.0
2021-05-28,0.0,1.6937323943662,5.67845070422535,23.4836971830986,57.2824402437911,167.887280555555,19.9415138888889,1.21391527777778,0.0
2021-05-29,0.0,2.16729166666667,5.82381944444444,22.8629722222222,55.2237592778996,89.0712805555555,15.9341666666667,1.91184305555556,0.0
2021-05-30,0.0,2.18680555555556,6.11416666666667,21.6061875,47.9609302598881,184.233590277778,12.1524027777778,2.0966,0.0
2021-05-31,0.0,1.49964028776978,6.13280575539568,21.105654676259,44.3635953481744,301.105706944444,15.1360416666667,1.64880625,0.0
2021-06-01,0.0,1.18701388888889,6.06215277777778,21.3000625,45.2179626688309,256.476168055556,17.9577222222222,1.20739722222222,0.0
2021-06-02,0.0,1.14881944444444,6.14472222222222,21.6264930555556,46.6411852196671,217.789559027778,19.9103402777778,1.69709236111111,0.0
2021-06-03,0.0,1.1241958041958,5.9765034965035,22.2440699300699,51.0107401149664,216.525686111111,21.4447152777778,1.42850555555556,0.0
2021-06-04,0.0,1.17590277777778,5.64958333333333,23.3262777777778,57.4375799893821,303.819803472223,21.9382430555556,1.91318888888889,0.0
2021-06-05,0.0,0.91993006993007,5.64062937062937,23.5739090909091,58.8938741832448,323.219021527777,23.4501805555556,2.00719722222222,0.0
2021-06-06,0.0,0.851666666666667,5.69090277777778,24.0944444444444,61.8306553026217,282.569530555555,24.6271875,1.27790416666667,0.0
2021-06-07,0.0,0.872708333333333,5.60527777777778,24.7855763888889,65.7683976204195,201.17792013889,23.3172847222222,1.15284236111111,0.0
2021-06-08,0.0,0.789236111111111,5.41888888888889,25.4424513888889,69.3271876535289,273.412596527778,22.8949375,1.55547569444444,0.0
2021-06-09,0.0,0.90979020979021,5.38552447552448,25.9756013986014,74.2627965114497,186.72905,23.3021111111111,1.37975069444444,0.0
2021-06-10,0.0,0.948802816901408,6.00992957746479,25.9375211267606,73.5510915513853,163.926778472222,22.6634583333333,0.908067361111111,0.0
2021-06-11,0.0,0.91034965034965,5.65321678321678,26.0416503496504,74.9329605593813,147.339983333334,22.4925625,1.12433333333333,0.0
2021-06-12,0.0,1.15034965034965,6.16048951048951,25.6859160839161,72.5277390014033,201.284897916667,21.2758819444444,1.38693888888889,0.762
2021-06-13,0.0,1.30180555555556,6.54243055555556,25.482375,71.4709582673817,243.405563194444,21.3421875,1.72474375,1.778
2021-06-14,0.0,1.26692307692308,6.47664334965035,25.7934055944056,73.6088413098714,309.883586805555,22.9506458333333,1.60540486111111,1.778
2021-06-15,0.0,1.24894366197183,6.09253521126761,26.3539788732394,78.605545278583,278.784452083334,22.0953230444444,2.82166527777778,1.016
2021-06-16,0.0,1.38440559440559,6.49993006993007,25.4738181818182,71.9252444421023,342.819670833335,19.6329513888889,2.53058402777778,0.0
2021-06-17,0.0,1.65615384615385,6.8751048951049,24.8046083916084,66.7715640301277,339.776500000001,19.1964375,2.65271666666667,0.0
2021-06-18,0.0,1.88594405594406,7.03398601398601,24.9279020979021,67.3607995662715,312.619572916667,21.7326413888889,1.40850972222222,0.0
2021-06-19,0.0,1.74333333333333,6.89104166666667,25.2729861111111,70.2531532544632,262.844259722222,25.2645794944444,1.69037777777778,0.0
2021-06-20,0.0,1.77263888888889,7.025625,25.4942013888889,70.5167216718416,217.685886111111,24.1048680555556,1.04153958333333,0.0
2021-06-21,0.0,1.71409722222222,6.89340277777778,25.9011111111111,73.7839722880699,276.618656250001,26.4209583333333,1.87305833333333,0.762
2021-06-22,0.0,2.00951388888889,6.82159722222222,25.9609027777778,73.9607379191115,172.969566666667,21.0830625,2.45411944444444,12.192
2021-06-23,0.0,2.47272727272727,7.38188811188811,24.6624615384615,64.5424730512097,253.526886111111,17.6365138888889,1.58263402777778,0.0
2021-06-24,0.0,2.52895104895105,7.52846153846154,24.3143006993007,61.8502481935031,228.857340277778,18.2706666666667,1.19158125,0.0
2021-06-25,0.0,2.48291666666667,7.52819444444444,24.2121736111111,60.8274260008002,323.45898263889,20.0533819444444,1.21789513888889,0.0
2021-06-26,0.0,2.5069014084507,7.27852112676056,24.6470633802817,63.2229627854927,275.570536111111,23.6738263888889,1.18096944444444,0.0
2021-06-27,0.0,2.88090909090909,7.26062937062937,25.0533916083916,65.1275505516081,212.560274999999,24.4575699555556,1.36348888888889,14.732
2021-06-28,0.0,2.56661971830986,6.93140845070423,25.6196830985915,69.2987029088367,257.71115486111,25.0039709444444,1.05210277777778,0.254
2021-06-29,0.0,2.67657342657343,7.32769230769231,26.2372167832168,73.6138267943196,299.332399305556,24.6082291666667,1.38167430555556,0.0
2021-06-30,0.0,2.21819444444444,6.823125,27.1358958333333,78.9838842259923,278.178246527777,25.8329166666667,1.46136805555556,0.0
2021-07-01,0.0,2.52076388888889,6.62034722222222,27.5350069444444,81.4751967651592,156.859969444444,24.0958525,1.58756944444444,16.764
2021-07-02,0.0,3.0751048951049,6.91664335664336,26.617048951049,77.3873207194078,214.929175694445,22.4577721166667,1.80608472222222,7.61999999999999
2021-07-03,0.0,3.64375,7.35145833333333,25.6734305555556,69.7305330208287,298.241238888888,20.7527916666667,3.04031736111111,0.0
2021-07-04,0.0,4.39347222222222,7.798125,25.1553263888889,65.2268165677615,300.959884027778,22.5116268333333,1.71452430555556,0.0
2021-07-05,0.0,4.38972223611111,7.94944446527778,25.6644236111111,68.0842639693156,294.276097222222,24.5128136111111,1.67740625,0.0
2021-07-06,0.0,4.28598592253521,8.26683100704225,26.1627323943662,71.6061499819934,303.188980555556,25.8003075277778,1.37694097222222,0.0
2021-07-07,0.0,3.38465277777778,7.76444445138889,26.7353819444444,75.2925270634484,233.289851388889,25.4712943055556,1.60691666666667,0.0
2021-07-08,0.0,4.06559440559441,8.07986013986014,26.5071538461538,73.4041982858329,119.730811111111,23.2594540111111,1.62357430555556,1.524
2021-07-09,0.0,3.83152777777778,7.66875,26.2978888888889,72.33580764542,206.041947916667,24.3857839333333,1.97543194444444,0.0
2021-07-10,0.0,4.15715277777778,7.88583334722222,26.2265069444444,71.6363687663878,266.494072222222,23.6968773055556,1.8495,2.286
2021-07-11,0.0,4.68685314685315,8.32846151048951,26.3244825174825,72.061630402522,282.998791666667,24.6070655166667,1.46456944444444,0.254
2021-07-12,0.0,4.33999999285714,8.18650003571429,26.83185,75.5121331440122,226.331431944444,25.5298401388889,1.23875277777778,0.0
2021-07-13,0.0,3.61263888888889,8.39847225694444,27.0537013888889,76.9660008010839,281.92061111111,25.1505790277778,1.72089375,0.0
2021-07-14,0.0,3.24798611111111,8.19374998611111,27.3407986111111,79.5073383993416,238.926798611112,24.4224376833333,1.56237152777778,5.588
2021-07-15,0.0,2.96361111111111,8.25923609027778,27.6025763888889,81.517914283835,248.470283333333,24.7792469888889,1.45910277777778,0.508
2021-07-16,0.0,3.15388888888889,8.39486110416667,27.8755277777778,83.6011119160136,234.054902083333,25.4260525722222,1.53205833333333,0.0
2021-07-17,0.0,3.035,8.70513899305556,27.8770694444444,84.2055305749801,197.495356249999,25.4101645944444,1.78663055555556,7.366
2021-07-18,0.0,2.72755244755245,8.54419588111888,27.7783986013986,82.8071685572768,260.585595138888,24.9067152777778,2.09675555555556,0.0
2021-07-19,0.0,3.41718309859155,9.09471833098591,27.4975563380282,81.2193390168955,238.644504166666,23.1541823277778,1.22517986111111,0.254
2021-07-20,0.0,3.04631944444444,9.11395838194444,27.4468333333333,80.7312340250092,201.161349305556,23.2468247222222,1.72088472222222,0.0
2021-07-21,0.0,3.08111111111111,9.02319443055556,27.5822708333333,81.6068550556824,264.700666666667,25.4507335388889,2.16283055555556,0.0
2021-07-22,0.0,4.14395833333333,9.58708329861111,26.9687083333333,77.1863223842276,254.892426388888,23.3589592444444,1.60856458333333,0.0
2021-07-23,0.0,4.01964788732394,9.69978879577465,26.9946830985915,77.1001628257232,239.224176388889,23.1888790166667,1.27131944444444,0.0
2021-07-24,0.0,4.3927972027972,9.84839162237762,26.9383216783217,76.4132368895447,257.581628472222,24.5672911833333,1.54781180555556,5.08
2021-07-25,0.0,4.30201388888889,9.86326384027778,27.0220972222222,77.3317143323817,213.508791666666,24.7561001833333,0.979123611111111,1.778
2021-07-26,0.0,3.72461538461538,9.47524472027972,27.5840909090909,81.1725741041987,193.286867361111,24.4987119055556,1.73153333333333,36.83
2021-07-27,0.0,4.52784722222222,9.73826396527778,27.4651180555556,79.3920292818573,273.337090277778,24.7511639277778,1.67034722222222,0.0
2021-07-28,0.0,3.93132867132867,9.71888109090909,28.0702797202797,84.5944148273754,292.697525,25.1921527777778,1.94992777777778,0.0
2021-07-29,0.0,4.22014085211268,9.66274646478873,28.418676056338,87.0968554785803,246.283183333334,25.4686805555556,1.62348958333333,0.0
2021-07-30,0.0,3.63388888888889,8.8411110625,28.8691875,90.9107978555637,286.007920833333,26.9666458333333,2.34514513888889,0.0
2021-07-31,0.0,5.24986111111111,9.98381941666667,27.9898055555556,83.4953439063767,230.056540972222,23.8817171944444,1.29796111111111,0.762
2021-08-01,0.0,5.99909722222222,10.0128472291667,27.7561388888889,82.7094318983905,219.267897916666,23.5078834611111,1.93554583333333,0.0
2021-08-02,0.0,6.14361111111111,10.0518055763889,27.1177708333333,77.1990522361952,287.869156944445,22.9906367944444,1.91505,0.0
2021-08-03,0.0,7.17868054861111,10.598125,26.5807152777778,72.7689161413125,217.05615,21.8119375,0.967889583333333,0.0
2021-08-04,0.0,7.75809861267606,10.628661971831,26.1824718309859,69.5850127004897,296.601581250001,21.4969097222222,1.42524930555556,0.0
2021-08-05,0.0,5.83756944444444,10.3529166597222,26.266625,69.5997382875132,288.17442361111,22.2377847222222,1.35616805555556,0.0
2021-08-06,0.0,5.83769230769231,10.4567132727273,26.4121118881119,69.9759783575814,269.971809722223,23.2228471666667,1.43388333333333,0.0
2021-08-07,0.0,6.51159724305556,10.2967361180556,26.3858472222222,69.6874666818861,165.686120833333,22.9984603277778,1.26512152777778,0.0
2021-08-08,0.0,6.31118881118881,10.3651747972028,26.3263496503497,68.9907322576556,273.465432638889,24.6019565166667,1.64988402777778,0.0
2021-08-09,0.0,7.09446809219858,10.7227659503546,26.6487730496454,70.7117481778749,201.493735416666,25.2546359444444,1.25949305555556,0.0
2021-08-10,0.0,6.52370629370629,10.4667132867133,27.1061328671329,74.4596661796929,249.440223611111,26.08930685,1.49838680555556,1.27
2021-08-11,0.0,6.687986125,10.0190277847222,27.6912986111111,77.4657490807848,151.426358333333,25.5916815111111,1.79242291666667,2.032
2021-08-12,0.0,7.24042255633803,10.3274647676056,27.1898098591549,75.5439583361898,176.059530555556,25.6736474111111,1.89746736111111,7.62
2021-08-13,0.0,6.9131944375,10.0639583125,27.5723194444444,77.636072729793,182.368052777778,25.4573263888889,1.96355,2.54
2021-08-14,0.0,6.43503496503496,10.0953845944056,27.8143006993007,79.2792528474562,269.339735416667,25.7302613722222,2.29958333333333,3.81
2021-08-15,0.0,8.52295773239437,11.1308391608392,27.2223146853147,75.1458103970396,174.960788888889,23.9229249111111,1.19159583333333,53.848
2021-08-16,0.0,7.87482518181818,11.2229370629371,26.3800979020979,68.9649776057876,121.419831944444,22.9283062777778,1.03519097222222,9.14399999999999
2021-08-17,0.0,10.2846853146853,11.2906293706294,25.846027972028,65.4017393043152,98.020181818182,22.7592937062937,1.37690839160839,6.858
2021-08-18,0.0,11.3370833194444,12.188125,25.6111875,63.9104977155966,168.470475694445,25.0363263888889,1.99396180555556,9.906
2021-08-19,0.0,6.56902095804196,11.6017482517483,26.1224825174825,66.6596571046592,205.64014375,24.8167222222222,1.92582013888889,21.336
2021-08-20,0.0,6.10818183216783,11.5686713286713,26.3463286713287,68.2456073615246,161.914018055556,22.7404881944444,2.22135902777778,0.508
2021-08-21,0.0,6.65901409859155,11.9444366197183,26.0320070422535,66.2017758501203,206.142454861112,22.8244109444444,1.61827638888889,0.0
2021-08-22,0.0,6.20704224647887,11.5174647887324,26.5975633802817,69.7115049129565,274.706610416666,24.1851093166667,1.91345277777778,0.0
2021-08-23,0.0,6.31139706617647,11.0740441176471,27.1831544117647,73.7716645837999,262.267498611112,24.9731725277778,2.40711111111111,0.0
2021-08-24,0.0,7.01577468309859,11.3642253521127,27.255676056338,75.4641753772611,246.26686388889,25.86975,1.66828263888889,0.0
2021-08-25,0.0,8.87284720138889,11.755,27.5115277777778,77.4255227339636,250.282686805555,25.7383958333333,1.56838055555556,0.0
2021-08-26,0.0,8.8314684965035,11.9513286713287,27.9131188811189,79.9119907790983,255.499822916667,25.9824225444444,1.47278472222222,0.0
2021-08-27,0.0,8.29528169014085,11.0814788732394,28.3320352112676,81.4064325894064,178.27745625,25.7005376333333,1.34139166666667,0.254
2021-08-28,0.0,8.96069445138889,10.5965277777778,28.2254791666667,81.0876073759754,218.129665972222,26.7762025555556,1.43722013888889,0.0
2021-08-29,0.0,9.14524477622378,10.9955244755245,28.3034755244755,82.1736907618027,247.188009027779,26.1574260166667,1.33601597222222,4.318
2021-08-30,0.0,8.28894367605634,10.5869014295775,28.4529366197183,86.0249160952467,235.179055555556,25.4308037666667,1.88711180555556,0.0
2021-08-31,0.0,10.7126389166667,11.0326388888889,28.1105833333333,81.432196653215,94.6586881944442,24.5844306611111,1.18495069444444,12.954
2021-09-01,0.0,13.2048951188811,11.8838461538462,26.8473216783217,71.0590333035789,75.7394020833332,22.4492152777778,2.71867152777778,23.368
2021-09-02,0.0,9.54279722377622,11.2274125874126,25.8302167832168,63.5739014984719,278.017308333332,19.1049027777778,2.95272638888889,0.0
2021-09-03,0.0,9.70874124475525,11.6702797202797,25.1256153846154,59.1554272855296,267.676331944445,18.1483194444444,1.63002569444444,0.0
2021-09-04,0.0,10.1791549295775,11.9997183098592,24.9967183098592,56.6074716082533,250.591602083333,21.1183850666667,1.16953333333333,0.0
2021-09-05,0.0,10.0402777638889,11.6061805555556,25.2272152777778,57.8960235059286,203.160940277778,23.9776792888889,1.23931944444444,0.0
2021-09-06,0.0,10.33685715,11.2436428571429,25.5244571428571,60.2766295736914,253.927573611111,21.6222414666667,2.14278472222222,0.762
2021-09-07,0.0,11.8320714357143,11.4659285714286,25.1228,58.470788560928,253.628663888889,21.5550564722222,1.76919097222222,0.0
2021-09-08,0.0,12.9721527847222,11.5141666666667,25.0881875,58.0471201717703,199.819528472222,23.5812934944444,1.27215416666667,0.0
2021-09-09,0.0,12.6110416736111,11.0369444444444,25.0155694444444,57.1183733092449,137.921688888889,21.7724481055556,2.64352152777778,0.0
2021-09-10,0.0,12.1884722291667,10.6019444444444,24.3419513888889,51.74435439274,246.309182638889,19.1743534777778,2.55693125,0.0
2021-09-11,0.0,13.2992361111111,10.9434722222222,23.7226944444444,47.8476075129321,219.398939583333,18.8531319444444,1.46975972222222,0.0
2021-09-12,0.0,11.6969444513889,10.8280555555556,23.7655,48.5768347271252,218.701755555556,23.6198847277778,2.08014722222222,0.0
2021-09-13,0.0,9.87791668055556,10.6719444444444,23.9837569444444,50.2018568152634,216.691065277777,24.8865949444444,2.93788055555556,0.0
2021-09-14,0.0,8.76159721527778,10.9234027777778,24.0965347222222,50.6721076306908,223.742676388889,24.0531917555556,1.55160208333333,0.0
2021-09-15,0.0,6.380486125,10.7541666666667,24.3426180555556,51.9755274869619,168.326330555555,23.35651645,1.20652222222222,0.0
2021-09-16,0.0,5.88222222222222,11.0040277777778,24.3908125,51.5648183099885,123.664019444445,22.5456107055556,1.20235972222222,3.81
2021-09-17,0.0,5.20819444444444,10.9204861111111,24.266,50.789382202295,110.487170833333,22.152875,1.02284583333333,0.0
2021-09-18,0.0,4.52777777777778,10.6473611111111,24.5188472222222,52.398382860631,187.963854166667,23.2568958333333,1.39278055555556,0.0
2021-09-19,0.0,4.26833333333333,10.5697916666667,24.730375,53.409345734095,203.013042361111,24.2722047555556,1.65697152777778,0.0
2021-09-20,0.0,6.98295773943662,11.4071126760563,24.1525774647887,49.1840540543164,118.090499305556,22.5385414944444,1.48834375,0.254
2021-09-21,0.0,8.85652780555556,11.4211111111111,23.2635833333333,42.8149347101224,29.2702472222221,20.0741041666667,1.32078541666667,39.878
2021-09-22,0.0,7.70446807801418,11.1670212765957,22.5377659574468,37.0538136882012,58.1613104166666,20.3860277777778,2.58783402777778,78.4860000000001
2021-09-23,0.0,6.12243055555556,11.3395833333333,21.5836875,30.5492985761668,220.17092013889,15.2250833333333,2.61704861111111,0.0
2021-09-24,0.0,6.62230767132867,11.6662237762238,21.1548531468531,30.9352961590246,230.718124305556,12.9325756944444,1.92710763888889,0.0
2021-09-25,0.0,7.74267605633803,11.6115492957746,21.1113943661972,29.9284574914377,201.73977638889,14.9372777777778,1.88719513888889,0.0
2021-09-26,0.0,7.20014085211268,11.7227464788732,20.7358309859155,27.0613833088742,224.797256944444,15.6654444444444,2.58798333333333,0.0
2021-09-27,0.0,7.92202797902098,11.7762237762238,20.315020979021,25.2319824297276,217.812888194445,19.1580617388889,2.01584583333333,0.0
2021-09-28,0.0,7.6875694375,11.7159027777778,20.4219375,25.6029855297749,136.018971527777,20.8086332666667,2.46606736111111,0.0
2021-09-29,0.0,8.55006938194444,11.8736111111111,20.3865902777778,25.6485531049066,204.157470833333,19.9686111111111,1.77440972222222,0.0
2021-09-30,0.0,8.16006945833333,11.8545138888889,20.7290625,27.8625094547132,210.297183333333,18.3199568888889,1.54507083333333,0.0
2021-10-01,0.0,7.80685314685315,11.8634265734266,20.8106993006993,27.7907088751158,210.27665625,15.9467205666667,1.4836125,0.0
2021-10-02,0.0,7.50388890277778,11.5347916666667,20.7287916666667,28.0006265769913,192.251339583334,18.2252089388889,1.41494375,0.0
2021-10-03,0.0,7.33880283802817,11.2976056338028,21.1602323943662,30.3707965015549,159.124581250001,21.5042654833333,1.30578263888889,6.35
2021-10-04,0.0,6.936875,11.7220833333333,21.2603958333333,31.0406431611305,152.071238888889,21.0078402777778,0.925590277777778,0.0
2021-10-05,0.0,6.50958333333333,11.165,21.6294583333333,32.3759158772063,124.89299375,21.4522013888889,1.07979722222222,8.63599999999999
2021-10-06,0.0,7.59622378321678,12.2397902097902,21.3638321678322,30.7353344966265,64.9251506944444,21.2265486111111,1.01571111111111,0.0
2021-10-07,0.0,11.4565734055944,12.2848951048951,20.9976713286713,28.6421129198015,49.8959840277776,18.6430763888889,1.02598402777778,2.794
2021-10-08,0.0,12.5120833263889,11.9277777777778,20.7972013888889,27.2896246513026,57.2482576388888,17.9377013888889,0.721765277777778,0.762
2021-10-09,0.0,14.4575,12.0088888888889,20.4520694444444,25.1808893691276,50.5166166666668,17.1949513888889,1.01141805555556,0.508
2021-10-10,0.0,11.8879166597222,11.7304166666667,20.3561458333333,24.472219426444,111.947334027778,17.2973680555556,2.22349305555556,0.0
2021-10-11,0.0,12.5686111111111,11.6175,20.2241527777778,23.5742710842178,58.238932638889,17.2658958333333,1.02336180555556,0.0
2021-10-12,0.007408554054054,12.8689208633094,11.8420143884892,20.0130071942446,22.2835893242763,143.0200875,18.6789791666667,0.66504375,0.0
2021-10-13,0.0048938819444444,11.3376223846154,11.5632867132867,20.5415454545455,25.2931778178373,189.608901388888,19.2625486111111,1.58142916666667,0.0
2021-10-14,0.0,10.9957342727273,11.3695804195804,20.8010909090909,26.6814114442133,151.722052777778,19.8130069444444,2.04884305555556,0.0
2021-10-15,0.0,11.2335416597222,11.6123611111111,20.717,26.6992471117732,150.772852083334,21.4417485888889,1.34854652777778,0.0
2021-10-16,0.0,10.7020833125,11.5875,20.4234305555556,23.2674807615376,62.9204201388888,17.8381739611111,2.04436944444444,1.27
2021-10-17,0.0,9.6436363986014,11.1683216783217,18.7354405594406,11.8734997991311,172.654475694445,14.0506981055556,2.66856944444444,0.0
2021-10-18,0.0,10.6902097762238,11.0248251748252,17.9833286713287,10.9607310411446,178.853604861111,13.6056797111111,1.72579236111111,0.0
2021-10-19,0.0,11.205034958042,10.8857342657343,17.6168601398601,11.6348657490398,176.093121527778,15.2457334944444,2.09521041666667,0.0
2021-10-20,0.0,10.7270833333333,10.93375,17.5428472222222,11.7541066465347,174.217664583333,16.6610430888889,1.97350694444444,0.0
2021-10-21,0.0,11.5883333055556,11.0594444444444,17.1859513888889,9.90955616293708,121.817858333333,17.8468753166667,1.86991736111111,2.54
2021-10-22,0.0,10.3886013776224,11.1697902097902,17.2391608391608,9.86222505988015,145.470289583334,16.0467381555556,2.37353541666667,0.0
2021-10-23,0.0,9.85590272916667,11.0918055555556,16.8917291666667,8.62277408935023,169.36454861111,14.6246053666667,2.16231180555556,0.0
2021-10-24,0.0,10.7962499861111,11.1733333333333,16.6350555555556,8.14906197645131,163.247496527777,16.8609891833333,1.30938541666667,0.0
2021-10-25,0.0,10.021458375,11.270625,16.7076180555556,7.89645836341852,111.903897222223,17.7321506666667,1.95319236111111,8.12799999999999
2021-10-26,0.0,7.57292858571429,11.2114285714286,16.3725,4.45403517182041,135.4644625,14.8642430555556,2.82961736111111,0.0
2021-10-27,0.0,6.88986111111111,10.4362499930556,15.3328888888889,2.31192817231067,167.550132638889,13.2583350333333,3.91952013888889,0.0
2021-10-28,0.0,6.97944056643357,9.98433567832168,14.9392867132867,2.55034121959956,67.8638249999998,14.2268507222222,1.55886597222222,8.38199999999999
2021-10-29,0.0,7.52770832638889,9.9293055,14.6889513888889,1.80129221409627,142.742422916667,16.0671744944444,1.68835416666667,22.352
2021-10-30,0.0,9.34216779020979,10.3813985874126,14.8284405594406,2.27731558700645,68.4624416666667,13.7731009166667,0.853004861111111,2.54
2021-10-31,0.0,7.81216783916084,10.5558741258741,14.6362097902098,0.886032926099305,116.33365625,13.8593541666667,2.55982222222222,0.0
2021-11-01,0.0,7.37584507746479,10.4188732394366,14.3541056338028,1.0258650754275,150.250786111112,12.7913055555556,2.59919652777778,0.0
2021-11-02,0.0,7.02833335416667,10.4969444444444,13.8448680555556,0.33620828468072,23.4913805555557,8.13324305555555,2.98750833333333,4.572
2021-11-03,0.254512791666667,7.30715277777778,10.4034027777778,13.3078402777778,1.40949124838358,147.415281249999,5.72514583333334,1.39225347222222,0.0
2021-11-04,0.366980916666667,6.33208333333333,10.7197222222222,12.7039305555556,0.685959762278307,115.095483333334,4.90524583333333,1.21689375,0.0
2021-11-05,33.2346129583333,6.42541667361111,10.9070833333333,12.3402361111111,0.846043774256189,152.112466666667,4.81737013888889,2.05433055555556,0.0
2021-11-06,69.0930447222222,6.05687500694444,10.8879861111111,12.0891944444444,1.2861755486109,152.159690277779,5.59859027777777,1.60844305555556,0.0
2021-11-07,72.6499261111111,6.30514084507042,10.9599295774648,11.770176056338,0.552941766548245,156.824694444444,10.2732616811111,3.46479513888889,0.0
2021-11-08,79.1544340277778,6.24986013986014,11.035034965035,11.5648951048951,0.616408803032502,152.906524305557,13.3214223833333,3.65693888888889,0.0
2021-11-09,76.4516010769231,6.50450000714286,11.1515714285714,11.4944357142857,1.30296113917317,149.947673611112,16.8933010277778,2.46502986111111,0.0
2021-11-10,73.7037960416667,6.30166667361111,11.3073611111111,11.6213194444444,1.70574069280427,145.212480555555,16.9044848333333,2.05693472222222,0.0
2021-11-11,70.4556245138889,7.0852083125,11.3483333333333,11.596875,1.35152853277946,120.222923611111,14.2473338555556,1.69579583333333,7.874
2021-11-12,68.4596783333333,8.30055948251748,11.3793706293706,12.0981188811189,2.1083966321737,146.470485416668,13.2036098666667,1.879525,12.192
2021-11-13,81.1716679166667,8.42013985314685,11.5016783216783,11.6751888111888,0.448116757107619,139.927405555555,7.19897045888889,2.04146180555556,0.0
2021-11-14,88.1957541666667,8.76055553472222,11.6113888888889,10.9646944444444,0.254977402131691,95.286020833333,5.37102361111111,1.63135833333333,0.0
2021-11-15,90.8639083333333,7.5227971958042,11.5927972027972,10.1806993006993,-0.0069666987608245,144.916798611111,5.44294722222222,2.38866111111111,0.0
2021-11-16,89.3281525,8.82048951048951,11.7344055944056,9.83862236363636,0.403848711972669,125.063094444445,10.0997303711111,1.54694305555556,0.0
2021-11-17,86.060894375,9.81647883802817,11.8002816901408,9.80833797183099,0.461335732631988,132.694619444444,13.9175837011111,1.64289305555556,0.0
2021-11-18,84.624851875,10.314513875,11.8621527777778,10.3667847222222,1.13466081681963,98.4407416666669,15.0867911277778,2.53108680555556,0.0
2021-11-19,97.601585,9.60958334722222,11.8945833333333,9.82668749305556,0.0301759897171437,138.265255555556,6.27671573777778,2.75496736111111,0.0
2021-11-20,92.7432654861111,10.151338,11.9143356643357,9.190986,0.149081627182766,115.059975694445,4.21112978888889,1.09354652777778,0.0
2021-11-21,90.6230313194445,9.70534725694444,11.9241666666667,8.73986111805556,0.153152091794769,54.2995812499999,6.62362688888889,1.27666111111111,0.0
2021-11-22,94.2267216153846,8.34939390909091,11.9825757575758,8.58643945454545,-0.003722253335516,77.1538895833335,9.91962202777778,2.97495763888889,0.0
2021-11-23,95.4081460416667,,,,-0.0123714116745412,134.544218055556,4.63006519,2.46680486111111,0.0
2021-11-24,93.6282367361111,,,,0.132786354471967,129.419293055555,4.97286428111111,1.65250555555556,0.0
2021-11-25,93.6467094444444,,,,0.223292305414173,128.196350694444,12.1574682177778,2.32681736111111,0.0
2021-11-26,97.0229404861111,,,,-0.0203384013864619,106.419784027778,6.96063270555556,2.60869513888889,0.0
2021-11-27,97.2512457638889,,,,0.0135560132033198,121.341986805555,4.70690415111111,1.83412430555556,0.0
2021-11-28,97.6560925,,,,-0.0092496070556195,52.7664784722224,10.05116302,2.64988611111111,0.0
2021-11-29,97.3512129861111,,,,-0.0020733261707057,118.743458333334,5.94339620888889,2.82351597222222,0.0
2021-11-30,98.0178870833333,,,,0.0259597645847687,122.728840972222,9.78958497777778,1.82999861111111,0.0
2021-12-01,97.0181797222222,,,,0.0652832020734403,41.0508611111112,8.53011411222222,1.96166527777778,0.0
2021-12-02,98.2917370833333,,,,0.0221829582828268,112.9551375,15.42805619,2.52115347222222,0.0
2021-12-03,98.9158371527778,,,,0.11062766560788,113.585644444445,14.5513865611111,1.75676458333333,0.0
2021-12-04,99.9280353472222,,,,0.115214655574159,89.2143923611108,13.26891715,1.98586180555556,0.0
2021-12-05,97.2189461805556,,,,0.162958588858761,53.79575,9.33784020222222,1.39765694444444,0.0
2021-12-06,98.4547269230769,,,,0.0416488410386234,63.1750559832053,13.4084697411111,2.55670069444445,0.0
2021-12-07,101.635551388889,,,,0.0384569054514555,121.396897222223,3.98858035222222,1.93936041666667,0.0
2021-12-08,102.041614583333,,,,0.0176310064248636,71.7964256944447,7.05445346222222,1.54838958333333,0.0
2021-12-09,100.2192125,,,,0.0160269614212333,63.4823374999997,2.82817883777778,1.70273263888889,0.0
2021-12-10,99.0536706944444,,,,0.0363762153447422,42.8703965277776,7.45562951777778,1.00984861111111,5.334
2021-12-11,99.2995892361111,,,,0.0827044683778472,44.0720444444444,14.2697685777778,2.45917708333333,0.762
2021-12-12,101.51538125,,,,0.0116962076388001,119.932384722221,5.26000912555556,3.30029375,0.0
2021-12-13,101.4366125,,,,0.0185460267028343,117.083118055556,6.60305909111111,2.286075,0.0
2021-12-14,100.652705972222,,,,0.0489561067959609,116.216928472223,8.51511790111111,2.11261388888889,0.0
2021-12-15,98.9068784722222,,,,0.0256255417514819,113.087420138889,7.06600915666667,1.70705347222222,0.0
2021-12-16,99.3179600694444,,,,0.0577843464036664,113.37724375,10.9774321477778,1.75890763888889,0.0
2021-12-17,100.612807222222,,,,0.228850357153359,36.1701083333332,15.5540138888889,1.69869722222222,0.0
2021-12-18,96.7154906944444,,,,0.382774949366945,30.57435625,11.6032114833333,1.38129722222222,2.286
2021-12-19,101.581871111111,,,,0.0535525400248633,51.7918944444447,7.31343333333334,4.52891805555556,0.0
2021-12-20,100.121922152778,,,,0.0362574734751612,113.853032638889,0.0487687499999999,1.64209097222222,0.0
2021-12-21,98.4448598611111,,,,0.0180578073527938,64.076247222222,3.72582569444445,1.46382083333333,0.0
2021-12-22,100.018242361111,,,,-0.0045184045645214,117.729469444445,6.49484341444444,3.96813680555556,0.0
2021-12-23,98.6917628472222,,,,0.0089073482577912,117.690363888888,4.31883019777778,3.06878680555556,0.0
2021-12-24,98.1774345138889,,,,0.0341705263378854,87.0612201388888,9.39971755333334,1.53547638888889,0.0
2021-12-25,100.365112986111,,,,0.0329443936353528,67.1746756944443,15.4594491788889,2.21747569444444,0.0
2021-12-26,100.926007916667,,,,0.110245635052314,118.406624999999,14.6450516944444,2.23110833333333,0.0
2021-12-27,97.8712502083333,,,,0.163223514776334,62.3671340277775,10.6502957166667,1.60512013888889,0.0
2021-12-28,100.371873055556,,,,0.0691429228117393,57.2299354166666,14.7151473777778,1.86829722222222,0.0
2021-12-29,97.660166875,,,,0.444427697995031,25.0529534722222,13.5838402777778,1.80045486111111,5.842
2021-12-30,94.4335086111111,,,,0.644336038135612,41.8890840277777,12.6401388888889,1.02611875,0.508
2021-12-31,92.03791375,,,,1.23084495193278,41.3863680555556,11.4111215277778,1.18852361111111,0.508
2022-01-01,90.1165395138889,,,,1.18301849273237,65.1968736111109,15.9027916666667,2.02432569444444,3.556
2022-01-02,89.9490257638889,,,,2.75748720824818,26.0424381944445,13.7899930555556,2.78623819444444,18.288
2022-01-03,93.8846947916667,,,,1.08175063224733,61.6859145833334,0.917868749999999,4.66744513888889,14.986
2022-01-04,95.9950979861111,,,,0.107780180584066,124.898222916667,-1.88826736111111,1.99037430555556,1.778
2022-01-05,95.1100454861111,,,,0.030808141719145,54.6090312500003,2.85575069444445,1.65495,2.54
2022-01-06,97.4217815972222,,,,0.0369334219721577,79.3967500000001,5.04269444444444,2.133425,0.0
2022-01-07,97.5447061111111,,,,0.0039391800313559,125.30906875,-5.20762916666667,2.57150069444444,0.254
2022-01-08,96.0324838888889,,,,0.0088745222554876,123.600995833334,-4.69704166666667,2.05831597222222,0.0
2022-01-09,95.5177960416667,,,,0.0034386324855461,32.30323125,3.31112847222222,1.64137361111111,4.572
2022-01-10,97.6465836111111,,,,-0.0002607462041268,128.611497222222,0.0887784722222212,2.68648888888889,0.0
2022-01-11,97.4582081944444,,,,0.005658488866948,129.043053472221,-3.53679444444444,1.79766388888889,0.0
2022-01-12,96.9195147916667,,,,0.0283827772338003,124.729995833334,1.00656180555556,1.73844166666667,0.0
2022-01-13,98.5259624305556,,,,0.0050745884737047,56.9383624999999,4.50110763888889,2.06658888888889,0.0
2022-01-14,98.8845594444444,,,,0.0029673367047527,119.305177083333,3.38090972222222,3.46194444444444,0.0
2022-01-15,98.092364375,,,,0.0123665159655539,41.8743083333333,-0.840620833333334,1.9498875,0.0
2022-01-16,96.4207802777778,,,,0.049303103589445,10.1723409722222,-4.80242638888889,1.89959722222222,0.0
2022-01-17,95.9835244444444,,,,0.0650116532288644,55.5541152777781,-1.20923472222222,3.0956625,0.0
2022-01-18,93.7695590972222,,,,0.241242846739436,143.042065972222,-1.64000763888889,1.93640833333333,9.65199999999999
2022-01-19,87.6926847222222,,,,0.215003211693438,63.5164347222221,0.598375694444445,1.64218958333333,5.588
2022-01-20,92.4077068055555,,,,0.0795497790056489,24.9409215277779,1.34958055555556,4.18104166666667,2.032
2022-01-21,87.8600880555556,,,,0.23051751794229,89.4914173611114,-5.63086319444444,2.96604652777778,0.0
2022-01-22,81.7691029861111,,,,0.42861327815052,150.339365277777,-6.49419930555556,2.42901736111111,0.0
2022-01-23,82.2892646527778,,,,0.11347342018039,124.465336805555,0.932222916666665,2.40225486111111,0.0
2022-01-24,92.7521399305556,,,,0.0603260096524712,120.507529861111,1.5537875,1.64817430555556,0.0
2022-01-25,94.0382767361111,,,,0.0349471983093845,136.063530555556,4.73630555555556,3.13591319444444,0.0
2022-01-26,98.2640061111111,14.5992156862745,12.1127450980392,2.53160784313725,0.0579159620117014,151.916385416666,-2.65475347222222,2.73963888888889,0.0
2022-01-27,95.2468675694444,13.1016783426573,12.0965734265734,3.16692307692308,0.0501665984762015,147.830980555556,-3.33351111111111,1.33271666666667,0.0
2022-01-28,89.4182546853147,13.921111125,12.0860416666667,3.19734722222222,0.0562554918917093,49.364257638889,0.4485625,1.66507777777778,0.762
2022-01-29,98.3436899305556,12.9648611111111,12.0994444444444,2.85247916666667,0.0229387821357273,153.243920138888,-5.64666458333333,3.67140277777778,0.0
2022-01-30,99.2052497222222,14.6859722291667,12.1514583333333,2.9365625,0.137966106953592,116.123220833333,-6.15519375,1.72796319444444,0.0
2022-01-31,91.9474084722222,11.6439285642857,12.0852857142857,3.35499285714286,0.0379963141672961,119.060709027778,-3.21684375,1.75543125,0.762
2022-02-01,80.8032565972222,10.4321678111888,12.1372027972028,3.49640559440559,0.0209770867595961,119.89280138889,-0.0647694444444446,1.13288958333333,0.0
2022-02-02,63.3298948611111,10.4940277708333,12.0786111111111,3.67600694444444,0.0084497005402973,120.614815972222,1.66544583333333,1.48126666666667,0.254
2022-02-03,54.2871572916667,12.7544444513889,12.0607638888889,3.78172222222222,0.0044188043813338,15.2158756944444,5.42438333333334,1.93900069444444,25.146
2022-02-04,75.4204152083333,14.1376388819444,11.9679861111111,3.76530555555556,0.0054492541034066,29.8980472222222,8.01495763888889,3.02749583333333,8.38199999999999
2022-02-05,100.311136527778,12.8809027847222,11.6845138888889,3.38324305555556,0.0098075901208887,169.656489583333,-2.95264930555556,2.76864097222222,0.0
2022-02-06,91.3428920138889,11.8050694305556,11.7015972222222,3.62725694444444,0.0115889724204336,169.342930555556,-3.04909791666667,1.17990069444444,0.0
2022-02-07,92.2337213194444,13.3397222083333,11.8108333333333,3.2613125,0.0694458780970912,50.8802923611112,-2.2397125,2.0164125,2.032
2022-02-08,100.493202013889,11.8944444444444,11.7945833333333,3.36528472222222,0.0198414420171744,175.615101388889,1.70452916666667,2.19257708333333,0.0
2022-02-09,101.317377777778,12.4894444305556,11.7250694444444,3.51548611111111,0.0098937033504644,171.116303472223,5.28125166666667,1.88204861111111,0.0
2022-02-10,101.955241041667,11.5254860972222,11.6015972222222,3.88016666666667,0.0008731139636833,168.363859027778,7.35300069444444,1.84200347222222,0.0
2022-02-11,99.0278313194444,11.6314583472222,11.3942361111111,4.29538194444444,0.0163603798479736,170.033247222223,8.47469812555555,2.73579305555556,0.0
2022-02-12,98.4059917361111,12.5962500138889,11.3730555555556,4.29851388888889,0.0016965300641007,91.2934062500002,9.056502,2.39897222222222,0.0
2022-02-13,102.444064583333,12.4626388888889,11.0833333333333,4.28692361111111,0.0008199305502211,78.7356833333334,1.07425416666667,3.25637222222222,2.286
2022-02-14,101.235716666667,11.6978321678322,11.1172027972028,3.83909090909091,0.0006057711783109,125.274302777778,-2.24738333333333,1.91311458333333,0.0
2022-02-15,98.9382368055556,11.5734722152778,11.1219444444444,3.52636111111111,0.016756573543704,179.277246527777,-0.54495972222222,1.67704652777778,0.0
2022-02-16,96.6629465277778,11.9867132937063,11.0406993006993,3.82488111888112,0.000573938481905,105.702302083333,4.48424722222223,1.88682777777778,0.0
2022-02-17,96.6988991666667,15.2347916666667,10.9998611111111,4.07336805555556,0.0011519824500262,24.0120548611111,12.9586597222222,3.73970347222222,1.778
2022-02-18,102.104879444444,12.2110563239437,10.8329577464789,4.75752112676056,0.0059324301522003,162.172184722222,6.00418333333333,3.14013125,8.636
2022-02-19,102.3911375,11.4478571428571,10.7589285714286,4.612,0.0003418113830935,184.758665972222,1.30794722222222,3.09561527777778,0.0
2022-02-20,100.134581458333,12.6043055694444,10.7300694444444,4.46406944444444,0.0180797493548976,188.776372222223,0.694565972222222,1.97948472222222,0.0
2022-02-21,99.3127886111111,13.5650694375,10.7346527777778,4.40614583333333,0.0181551443420487,178.156429861111,7.73791736111111,2.16992083333333,0.0
2022-02-22,97.1701477083333,16.0461111111111,10.6929166666667,4.774,0.0724448947127408,11.1402652777778,12.4337638888889,2.2503375,7.36599999999999
2022-02-23,98.8935022916667,13.950000006993,10.3025174825175,6.50053846153846,0.597777469553607,131.535649305555,14.7307708333333,2.42840486111111,3.556
2022-02-24,97.9840949305556,16.012746471831,10.4440845070423,6.02542957746479,0.432989079801693,15.5720354166666,4.17814097222222,1.59091805555556,20.574
2022-02-25,101.291984861111,14.3668055625,10.4166666666667,5.91924305555556,0.0978000692326905,178.396452083333,5.88579375,3.31872361111111,2.54
2022-02-26,102.294234722222,14.9129370629371,10.2495104895105,6.29413986013986,0.0846523761674064,138.346826388889,3.50539652777778,2.26396944444444,0.0
2022-02-27,104.264932638889,15.3048610972222,10.1847222222222,6.44302777777778,0.0566291800774161,130.490704166667,6.68695555555556,2.05768611111111,0.0
2022-02-28,102.567753472222,14.1904861111111,10.1595138888889,6.45076388888889,0.274095793691337,202.172780555555,6.96535625,2.29905972222222,0.0
2022-03-01,99.81218875,13.6891666666667,10.1098611388889,6.72756944444444,0.611344800463748,201.435922916666,8.54288445555556,1.47314930555556,0.0
2022-03-02,98.6212160416667,14.1014685244755,9.92664327972028,7.49048251748252,0.927519887809052,201.820670833334,13.4470159722222,2.12333541666667,0.0
2022-03-03,98.3881277777778,14.7552083263889,9.93208325,7.9480694375,0.813775116376137,202.500100694444,14.9313195,2.31262708333333,0.0
2022-03-04,95.2121775694444,16.6783216853147,10.0593706153846,7.52304193006993,0.819166236522783,212.053603472222,5.87879236111111,1.73427777777778,0.0
2022-03-05,92.1889441666667,16.0440277777778,10.1004860694444,7.79456941666667,1.01499705402685,208.027338888889,12.0457819444444,2.17456319444444,0.0
2022-03-06,90.9889390972222,18.0869230769231,10.0426572447552,8.5973916013986,2.10458651162602,90.5136236111114,16.9849097222222,2.31183611111111,0.0
2022-03-07,89.0977192361111,17.6886111111111,9.91513895138889,9.7041528125,3.50162713960127,111.253005555556,17.1598832777778,3.59840625,2.286
2022-03-08,91.1226751388889,16.5907638819444,9.64576393055555,10.0834652430556,2.96053049416905,224.701299305556,8.92956319444444,2.87908402777778,5.842
2022-03-09,90.5028360416667,18.3581250069444,9.7377084375,9.55670141666667,1.94864992369397,88.519219444444,6.73387291666667,2.05688541666667,12.446
2022-03-10,86.4318739583333,17.3436619647887,9.72816909859155,9.37310567605634,1.99470697522236,165.543345138889,5.79470555555555,1.50737361111111,0.0
2022-03-11,81.622095625,16.4625694444444,9.89340282638889,9.26109033333333,1.74630565949039,211.137372222223,8.48138888888889,1.79034861111111,0.0
2022-03-12,97.0684266666667,14.5231468461538,9.62216783916084,8.94706988111888,0.576614718051165,81.1300534722223,-0.346346527777778,4.23370208333333,9.90599999999999
2022-03-13,96.9213997222222,13.0032167902098,9.6712588041958,7.99744054545455,0.711800945972731,236.590638194443,-0.0114033066666656,2.10868194444444,0.254
2022-03-14,92.6756919444444,14.0369444583333,9.7942360625,7.69436111111111,0.385552905994087,218.234496527777,8.88023506111111,2.27001041666667,0.0
2022-03-15,90.4338119444444,13.4544366056338,9.76570425352113,8.21888028169014,1.05127605892451,206.935603472223,10.73435206,2.02289027777778,0.0
2022-03-16,88.6510053472222,14.4821678251748,9.77202803496503,8.62048251748252,1.67797540384657,104.08995625,11.7635722222222,1.61786736111111,4.572
2022-03-17,88.132970625,12.5825874195804,9.58944051048951,9.62195806293706,3.03587779819955,170.714333333334,13.0660416666667,2.69042916666667,0.762
2022-03-18,84.5875428472222,13.5267361041667,9.66347207638889,10.0823402708333,3.9146653375326,144.149890972222,14.8600805555556,2.72960972222222,0.0
2022-03-19,79.7846843055556,12.8194444375,9.6593055,10.8616110972222,5.46948805803909,129.830172916667,15.9835347222222,2.10536527777778,0.0
2022-03-20,74.2676995833333,10.6939583472222,9.40958320833333,11.0339305555556,3.49123012912662,141.450298611111,10.1981111111111,2.63373055555556,0.0
2022-03-21,70.5990706944444,10.7922222152778,9.41187503472222,10.6182083194444,3.83156814248014,233.275438194444,12.8462458333333,2.63166180555556,0.0
2022-03-22,72.1969621774194,11.8330596865672,9.63044771641791,10.6773805970149,4.48859942124397,151.241940972223,14.11632145,1.99336319444444,0.0
2022-03-23,70.5098789583333,14.2923776153846,9.92447553146853,10.3526363636364,3.71964749280596,36.5566625000001,13.4561111111111,2.11153055555556,24.384
2022-03-24,66.7356440277778,12.5106944444444,9.66159720138889,11.1043888888889,5.17360029926965,107.356543055555,14.6599375,1.66851597222222,6.604
2022-03-25,64.1352015972222,10.2278472013889,9.4197221875,11.3936458333333,5.36089656051904,151.474718749999,10.0509534722222,2.62658541666667,0.0
2022-03-26,58.8178278472222,10.9387499930556,9.48673604166667,10.4330416805556,1.50498439704712,150.344660416666,4.44169097222222,3.11482986111111,0.0
2022-03-27,87.6454197222222,10.556013993007,9.50650361538461,9.34387418181818,0.0535708102453368,264.452868055557,2.2352375,2.71146388888889,0.0
2022-03-28,95.9798249305556,11.2002083263889,9.59458327777778,8.71484031944444,0.0063204487875236,270.643159027777,2.27363263888889,2.62128819444444,0.0
2022-03-29,93.69139125,13.6676223706294,9.60496502797203,8.42337062237762,0.399450003871975,176.787797477225,4.25712013888889,1.65346805555556,0.0
2022-03-30,90.6938850694444,14.5895070422535,9.82119716197183,8.2559083943662,0.434321411849596,242.923024305556,10.9376673611111,2.58233055555556,0.0
2022-03-31,88.53902125,17.8648611111111,9.6197916875,9.13899300694444,1.4093828877327,54.6176243055555,17.0891016055556,3.71757013888889,4.826
2022-04-01,86.8423123611111,15.2363194444444,9.42437490972222,9.93602083333333,0.812301113224403,194.79369375,8.05662083333334,2.65855902777778,0.0
2022-04-02,83.3968909722222,16.0773758794326,9.54354605673759,9.45368790780142,0.886689098806515,268.652341666667,8.49608432222223,1.76765277777778,0.0
2022-04-03,83.2452763888889,14.0027777708333,9.21340279166667,10.3343819305556,1.31306967953987,275.232086111111,11.8183535,2.98747083333333,0.0
2022-04-04,79.9484585416667,16.2540277777778,9.28256945138889,10.3392569444444,1.89471318788834,217.087814583334,9.39769652777778,1.77530138888889,0.0
2022-04-05,75.2938238194444,19.4275886524823,9.52333329787234,10.5104042553191,2.32697144187341,87.4738149441342,14.1750558659218,1.60871857541899,18.796
2022-04-06,75.1655108333333,17.0208391468531,9.11979166666667,11.6500763888889,4.42905168079018,199.884175,17.5079027777778,1.54683680555556,0.762
2022-04-07,74.04941875,18.2402777777778,9.075416625,12.4371388888889,6.52266816099225,84.5038451388887,13.6995763888889,2.13268402777778,7.87399999999999
2022-04-08,69.8941206944444,17.2127777777778,8.87326379861111,12.4648194444444,8.18120438955666,159.299698611111,9.28206137777778,2.11178194444444,1.778
2022-04-09,62.7377134027778,17.6079285714286,8.86835711428571,11.6785642857143,3.81300765086066,159.009474305556,5.28677291666667,1.96357847222222,0.0
2022-04-10,63.8959472916667,15.8663380140845,8.78105635915493,11.0568309859155,1.92436720037226,252.168491666666,8.31834575555556,2.33867708333333,0.0
2022-04-11,59.2628828472222,18.7453472152778,8.97756945833333,11.1032291666667,3.34908194773015,252.804324305555,15.0682905833333,2.35820138888889,0.0
2022-04-12,55.6347202307692,17.28935715,8.76735707142857,12.6154,9.29064099069289,143.252379166666,19.4313888888889,1.27367638888889,0.0
2022-04-13,49.6691495138889,16.9011267605634,9.21309855633803,12.8633521126761,11.333503194448,204.691873611111,19.9297291666667,2.96307638888889,0.0
2022-04-14,51.5593970138889,15.4106249930556,8.95999994444444,14.1704305555556,14.1094242603979,138.202614583334,17.4470972222222,3.05706944444445,0.0
2022-04-15,43.132375,14.8288732253521,8.91091540140845,13.9829647887324,13.3837524795131,293.091549305556,14.2283152777778,2.07475486111111,0.0
2022-04-16,35.6460226388889,13.9175694513889,8.46125005555556,14.9320416666667,16.5889302375725,236.950095833334,18.1988333333333,1.83327708333333,0.0
2022-04-17,35.4354515972222,13.9764084577465,8.41295778169014,15.1920774647887,17.8726519957548,289.684628472222,14.1128263888889,2.3290125,0.0
2022-04-18,34.4317203472222,19.084375,9.07284717361111,13.4586597222222,9.26068961862276,57.15775625,4.68390763888889,2.60753888888889,22.86
2022-04-19,29.8114702777778,15.5175694583333,8.40013879861111,12.7621666666667,4.39279057803724,311.756189583333,5.51687569444444,2.51677013888889,0.254
2022-04-20,26.5722931944444,18.4918181748252,8.6113986013986,12.259951048951,4.61913966010863,290.243624305555,10.1287060833333,1.76169375,0.0
2022-04-21,22.3548676666667,19.5421830985916,8.88676053521127,12.507985915493,5.73340415468677,148.966465972223,14.2686666666667,1.97628888888889,0.0
2022-04-22,12.7799469513889,14.9679020979021,8.56552444755245,13.7326363636364,11.9141849065386,294.416265277779,18.9765263444444,1.75226458333333,0.0
2022-04-23,14.1314674166667,12.5944444305556,8.76513888888889,14.4526041666667,15.9212961211955,284.258014583333,19.8483055555556,1.87518611111111,0.0
2022-04-24,7.51744153472222,10.6707639027778,8.33159721527778,16.3917430555556,24.6399401315954,292.953515277778,21.68258915,2.07557638888889,0.0
2022-04-25,2.36018108333333,9.1906338028169,7.85478870422535,18.0305352112676,32.3114785691378,279.483729861112,22.3401663333333,1.93037638888889,0.0
2022-04-26,3.02488728472222,8.8722535,7.28753522535211,19.4411478873239,37.2905542937624,116.315667361111,17.2146875,2.27557430555556,0.762
2022-04-27,2.93215041666667,8.29854163888889,7.74743055555556,16.8457986111111,19.5475697209754,310.098730555555,12.0839041666667,3.15615694444444,0.0
2022-04-28,0.896677659722222,8.57513888888889,7.88333338194444,15.9102638888889,16.7738766583556,314.582405555555,13.2194410277778,2.55892708333333,0.0
2022-04-29,0.0038043541666666,10.6620138819444,8.387916625,15.3707430555556,12.8402245362255,166.464979861111,12.0948194444444,1.40281319444444,0.0
2022-04-30,0.0,10.4356944583333,8.31291673611111,15.1334861111111,12.304008819904,56.4670041666667,11.1049791666667,0.920561111111111,4.826
2022-05-01,0.0,10.6451408450704,8.40401419014085,14.9277183098592,12.9464430972412,113.477811111111,13.5472430555556,0.954702777777777,0.254
2022-05-02,0.0,7.00836878014184,8.03482270921986,16.3034822695035,14.8631927155482,302.506849305554,20.1725902777778,1.97049375,0.0
2022-05-03,0.0,6.36356643356643,8.26601404195804,16.6775804195804,16.267472924058,240.208782638889,19.0902361111111,1.79904236111111,3.048
2022-05-04,0.0,4.46923611111111,7.30611111111111,19.5821875,26.3043487570319,261.636036805556,21.398375,2.28457569444445,0.254
2022-05-05,0.0,5.55222222222222,8.39034723611111,18.5207361111111,22.3582632124839,239.134020138888,17.7354791666667,1.69277638888889,0.0
2022-05-06,0.0,7.31236111805556,8.37263882638889,18.6569375,23.6752567392238,34.7181763888888,16.0557083333333,1.72833055555556,20.32
2022-05-07,0.0,8.19985923943662,8.26316907042253,18.0276690140845,26.6291437827982,74.5035430555556,11.4585736111111,3.09394583333333,3.81
2022-05-08,0.0,8.48361111805556,8.298055625,16.8834097222222,20.8087423520866,151.917417361111,8.31528402777778,3.387275,0.0
2022-05-09,0.0,8.0040298358209,8.51238814925373,16.2134626865672,16.889761640881,327.870226388889,11.4870611111111,2.24061041666667,0.0
2022-05-10,0.0,,,,19.34777022969,328.030864583334,15.0486659722222,2.58988125,0.0
2022-05-11,0.0,,,,21.3055715022348,327.859591666666,17.2621763888889,2.33867777777778,0.0
2022-05-12,0.0,6.258750015625,8.40578128125,18.193421875,21.9214804121569,184.637415972222,17.4120833333333,2.09149375,3.81
2022-05-13,0.0,7.10335664335664,8.86860136363636,18.042958041958,21.9401733781653,188.263712499999,18.4652222222222,1.35038888888889,2.54
2022-05-14,0.0,6.79590279166667,8.34340285416667,19.0158125,25.2653370745675,155.722538888889,18.9872152777778,1.01231527777778,2.032
2022-05-15,0.0,5.97283689361702,8.12737595744681,19.8358226950355,28.0250195263776,260.051788194444,20.369375,1.58233472222222,0.254
2022-05-16,0.0,6.02965278472222,7.67944444444444,21.3770972222222,34.785888055197,232.658459722222,20.3751388888889,1.81279513888889,0.0
2022-05-17,0.0,5.80041668055556,7.90347222222222,21.282125,36.1754555085067,314.692326388889,19.9042013888889,1.82482361111111,0.0
2022-05-18,0.0,6.82937064335664,8.48965039160839,21.0894475524476,34.6059846536638,269.598536111112,19.9209513888889,1.80088472222222,0.0
2022-05-19,0.0,5.92514084507042,7.91549292957747,22.4314788732394,41.6806623881263,293.670570138889,23.4530833333333,1.94702916666667,1.524
2022-05-20,0.0,6.99111111805556,8.75097225694445,22.7373888888889,42.3624770909522,291.336195833335,23.9996736111111,1.49158333333333,0.0
2022-05-21,0.0,7.24755245454545,8.6453146993007,23.6724615384615,46.1724513746999,235.35707638889,23.5688888888889,1.25587291666667,9.398
2022-05-22,0.0,6.86305551388889,8.78388886805556,24.2922361111111,50.5773704147614,245.132043055555,22.012625,1.57139305555556,3.81
2022-05-23,0.0,9.18128572857143,9.47485712857143,23.9652214285714,49.1005042873278,62.0194902777776,17.5007361111111,1.68392083333333,41.402
2022-05-24,0.0,10.444965027972,9.56419583216783,21.866951048951,39.360741310118,80.9861069444442,14.2799027777778,1.83262291666667,21.59
2022-05-25,0.0,11.6766666736111,10.6542360972222,20.8000763888889,33.3360981460037,150.320843055555,15.0262916666667,1.29117638888889,1.524
2022-05-26,0.0,10.8465034685315,11.9190909090909,19.8175034965035,29.220220974149,67.0582819444443,15.3281180555556,1.26662708333333,14.478
2022-05-27,0.0,10.33152775,11.04902775,20.0886041666667,29.7867239901323,200.286618055555,18.0118819444444,2.03491041666667,23.114
2022-05-28,0.0,9.95409722916667,10.0892361041667,20.9343402777778,34.1804342194252,233.163265277778,17.8400416666667,1.95747916666667,0.0
2022-05-29,0.0,12.4175524475524,11.2942657342657,20.7552307692308,32.5495217344292,315.077873611112,19.6215972222222,1.66382152777778,0.0
2022-05-30,0.0,12.0752083263889,12.6695833333333,21.1465902777778,34.303996969568,321.345310416666,22.2271041666667,1.41207152777778,0.0
2022-05-31,0.0,9.78798611805555,12.2003472013889,22.5429166666667,41.3750645621599,297.610706944445,24.0689861111111,1.81890625,0.0
2022-06-01,0.0,9.167361125,13.2138194375,23.2194513888889,47.3400758631839,283.676579166666,24.9041944444444,2.19152569444444,0.0
2022-06-02,0.0,7.01755244055944,11.335034965035,25.2761678321678,60.1927290238738,279.151486805556,25.3398333333333,2.26903402777778,0.508
2022-06-03,0.0,7.38454545454545,8.71951046153846,26.1001118881119,56.399358985546,232.210516666667,20.4967847222222,2.86334722222222,0.0
2022-06-04,0.0,8.1870629020979,11.2108391468531,24.409048951049,50.0018204801541,314.126749305556,19.7127661833333,1.75840972222222,0.0
2022-06-05,0.0,8.22506944444445,11.3672916527778,24.3837291666667,50.4867719766966,332.480884722223,20.1020347222222,1.59059236111111,0.0
2022-06-06,0.0,8.46788732394366,12.2342253521127,24.0880070422535,51.17745428092,286.447236805555,20.8866953166667,1.37083958333333,0.0
2022-06-07,0.0,9.52652776388889,10.9352083333333,24.0570902777778,50.3844864922268,100.352102777777,20.2798194444444,1.58743680555556,0.0
2022-06-08,0.0,7.63208335416667,11.3364583333333,23.690875,49.1104542506286,228.606100694444,23.0496666666667,1.21826111111111,11.43
2022-06-09,0.0,6.24352112676056,10.0932394507042,24.6590704225352,53.2892106916411,315.223353472223,21.7801875,2.11798194444444,0.254
2022-06-10,0.0,6.62805554861111,10.5926388888889,23.8345625,49.8831180324914,242.742820138889,19.0944444444444,1.89915555555556,0.0
2022-06-11,0.0,6.4406338028169,11.1819014084507,23.8618169014084,49.9937807948706,233.89591111111,20.7286458333333,1.57665069444444,0.0
2022-06-12,0.0,6.47506944444444,11.7429166597222,23.9076527777778,59.5310563230109,221.072336805555,23.9263541666667,1.24286111111111,0.254
2022-06-13,0.0,5.36451388888889,11.3740277708333,24.9201527777778,62.8754137854088,278.725902083335,26.5397604944444,1.86752013888889,5.08
2022-06-14,0.0,4.50208333333333,10.4931249513889,26.2676111111111,65.898581613999,223.205043055556,25.4318541666667,1.76230555555556,2.032
2022-06-15,0.0,4.79443661971831,12.4035915492958,25.4672253521127,44.1813704558267,311.098600694445,27.4221435166667,1.14069097222222,0.0
2022-06-16,0.0,3.96163120567376,12.8222695035461,26.0399007092199,47.1593167956771,210.439902777778,27.2908034055556,1.26833402777778,17.78
2022-06-17,0.0,3.78034722222222,9.86937497222222,28.0156875,58.5890278030124,233.6634125,26.2842369388889,2.28956805555556,15.24
2022-06-18,0.0,3.98194444444444,10.4608333333333,26.1842916666667,52.1347708988747,343.539749305556,22.1722986111111,4.03144861111111,0.0
2022-06-19,0.0,3.68160839160839,10.926013986014,24.2123986013986,42.9181880523568,347.913566666665,19.6981306444444,4.78378472222222,0.0
2022-06-20,0.0,3.71,11.2472262773723,23.3769124087591,39.4554152275778,216.332019444444,20.0115555444444,2.14852361111111,0.0
2022-06-21,0.0,3.44041665972222,11.6160416666667,23.3141388888889,39.3979636550016,311.652065277777,23.0436369388889,1.85180555555556,0.0
2022-06-22,0.0,3.23048951048951,10.7106992867133,24.7797692307692,45.8584868756018,315.152166666667,26.7494437777778,3.14536736111111,0.508
2022-06-23,0.0,3.4534965034965,11.1893706223776,24.904006993007,45.7406503255471,301.065689583333,25.84728635,2.41077222222222,0.762
2022-06-24,0.0,3.42972222222222,12.2147916666667,24.3412777777778,45.7352505974675,298.669146527777,25.3310552944444,1.02076597222222,0.0
2022-06-25,0.0,3.20704225352113,12.7325352112676,24.545,49.4610876895358,302.702957638889,26.0440212111111,1.07019097222222,0.0
2022-06-26,0.0,3.32559440559441,13.1295104895105,24.9731958041958,51.1965391148581,146.176154166667,24.9462839111111,0.824473611111111,2.54
2022-06-27,0.0,4.27319444444444,10.6591666319444,26.7235347222222,52.6062339119331,205.998126074499,24.8546313180516,2.49075716332378,1.016
2022-06-28,0.0,3.83608391608392,12.0525874125874,24.7264125874126,46.6258350537875,328.635031944444,22.1593004,2.35872361111111,0.0
2022-06-29,0.0,3.33454545454545,13.4251048951049,24.2072307692308,46.8307314911794,311.953796527776,23.0533088277778,1.16227638888889,0.0
2022-06-30,0.0,3.00853146853147,13.9929370629371,24.3580699300699,51.1370314156475,308.832436805555,25.9758026388889,1.30027638888889,0.0
2022-07-01,0.0,2.74401408450704,14.7316901408451,24.3314084507042,52.9025813195376,306.939794444444,27.2812694277778,1.23733125,0.0
2022-07-02,0.0,2.95111111111111,14.8843055555556,24.7165833333333,54.70980520641,212.162052777778,25.3320495555556,1.14969791666667,8.89
2022-07-03,0.0,3.02854166666667,14.2691666666667,25.2109652777778,56.3579258197361,205.573007638889,25.0074792777778,2.06475763888889,0.254
2022-07-04,0.0,2.4025,15.6740277777778,24.6362847222222,53.5609328189035,273.608021527778,24.8427502444444,1.18733611111111,0.0
2022-07-05,0.0,3.64326388888889,15.6397222222222,25.10925,55.3360139609699,196.037338959212,25.3027057440225,1.57826793248945,6.604
2022-07-06,0.0,4.36069445138889,15.0454861111111,26.1457638888889,53.5333076504357,224.761211805556,26.5499438722222,2.53946041666667,25.146
2022-07-07,0.0,4.05173611805556,15.1622916666667,25.7750972222222,53.9112149217581,257.424881944444,26.6451666666667,1.60901805555556,0.0
2022-07-08,0.0,4.91514083802817,15.9985915492958,25.4225633802817,51.7763593270977,212.278894444444,25.6232361111111,1.16464722222222,7.62
2022-07-09,0.0,5.31302817605634,15.9262676056338,26.1434225352113,53.1092406543678,102.454027777778,23.2299097222222,1.87580138888889,6.858
2022-07-10,0.0,4.68409721527778,16.5078472222222,24.5555694444444,44.3067243820583,90.6937104166665,19.0372152777778,1.05617986111111,12.7
2022-07-11,0.0,3.95732394366197,16.6483802816901,23.7845,41.9014509671961,300.612494444444,19.9902638888889,1.2955375,0.0
2022-07-12,0.0,3.92049295774648,16.5833802816901,24.5423450704225,45.7848154462028,283.260569444444,26.1286147111111,1.75598680555556,11.684
2022-07-13,0.0,3.55678321678322,16.4983216783217,25.2097202797203,50.573610268373,202.108103472222,25.3958941,1.69857638888889,0.0
2022-07-14,0.0,3.4522695035461,16.714609929078,25.2773758865248,50.9073002374924,258.401110416667,23.8529642888889,1.88320833333333,3.048
2022-07-15,0.0,3.78051470588235,17.8202941176471,25.1269191176471,50.5898565343114,243.900020876827,24.3541446680585,1.45644676409186,0.0
2022-07-16,0.0,3.63859154929577,18.2397887323944,25.3034366197183,52.2555349723531,215.186261805556,24.2360039666667,0.966777777777778,0.0
2022-07-17,0.0,3.6548951048951,18.0765034965035,25.7231048951049,52.1748239360894,217.499177083334,24.2652270611111,1.05650277777778,3.302
2022-07-18,0.0,4.00916666666667,18.0677083333333,25.9372569444444,50.935163178841,228.102696527778,24.3129209611111,1.06752430555556,6.604
2022-07-19,0.0,4.63604166666667,16.6986805555556,26.8954861111111,56.8283479801788,258.475196527778,25.104125,1.73570277777778,0.0
2022-07-20,0.0,6.83249998611111,17.4840972222222,26.9943611111111,57.8711610459794,258.726630555556,26.8269823944444,1.14091875,0.0
2022-07-21,0.0,7.13629369230769,17.1068531468531,27.8776643356643,38.1475549760021,234.331877777778,26.8233749111111,1.62308472222222,0.0
2022-07-22,0.0,8.05631945833333,17.3375694444444,27.6779513888889,38.7404363715017,274.800538888889,26.3435357388889,1.81153194444444,0.0
2022-07-23,0.0,8.38587413986014,18.1602097902098,27.9789160839161,39.2334884055228,297.726473611112,26.8320705388889,1.76722986111111,0.0
2022-07-24,0.0,8.64797202797203,18.9699300699301,27.8011678321678,40.7720261234252,261.931540972223,26.9236726777778,1.27171597222222,0.0
2022-07-25,0.0,8.28426574125874,19.5093706293706,28.184965034965,42.4965938703474,210.367950694444,26.8099844944444,1.46915902777778,0.508
2022-07-26,0.0,8.25263889583333,18.2871527777778,27.8877708333333,42.2729222006631,129.301004166667,25.8629631111111,1.24159652777778,5.588
2022-07-27,0.0,10.2090972430556,18.9594444444444,27.0077916666667,39.4297893866302,93.5692069444444,24.5173543888889,1.38917013888889,3.302
2022-07-28,0.0,12.2737762237762,19.3908391608392,26.4096013986014,37.3677624173995,166.4624375,25.2650481611111,1.48110416666667,0.254
2022-07-29,0.0,11.6791608601399,18.9874125874126,26.9761608391608,39.1369557360356,197.035179861112,26.1518089611111,1.58695694444444,0.762
2022-07-30,0.0,11.6128472430556,18.848125,26.7611875,38.8581578661456,282.840856944445,25.0754697777778,1.77052986111111,0.0
2022-07-31,0.0,14.2643661901408,20.1812676056338,26.4077746478873,37.4853256456754,177.559552083334,24.4996000111111,1.00304722222222,43.942
2022-08-01,0.0,13.939375,18.0913194444444,26.4803055555556,37.5964594919488,184.414264583333,25.69354045,1.32349305555556,0.508
2022-08-02,0.0,13.8613286713287,16.6869230769231,27.0369300699301,39.7057941205565,248.31405625,26.7717605888889,1.83871319444444,0.0
2022-08-03,0.0,14.8008333333333,17.5313194444444,26.6252569444444,38.1597798682425,271.33818611111,26.5912318833333,1.65986388888889,3.556
2022-08-04,0.0,12.9981249861111,18.1925,26.9222013888889,38.3947818132238,221.027885416666,26.8967026444444,1.31647847222222,0.254
2022-08-05,0.0,11.2130769020979,17.2534265734266,27.3203706293706,40.1104012239962,208.011777083334,25.339789,1.49519375,21.336
2022-08-06,0.0,13.4199295774648,16.7623943661972,26.6572816901408,38.1871969537222,94.6076361111109,22.9935486111111,1.07466875,14.478
2022-08-07,0.0,13.8183216783217,16.533006993007,26.2828601398601,36.4170233840778,278.114625694444,25.4698338722222,1.30581111111111,0.0
2022-08-08,0.0,14.1806993076923,16.642027972028,26.8381398601399,37.9433668352946,213.603797916667,25.6721491722222,1.33270277777778,0.508
2022-08-09,0.0,13.0393006993007,16.0265034965035,27.2555524475524,39.8644140970207,210.707347222222,26.6259523611111,1.75024236111111,16.51
2022-08-10,0.0,11.3148951188811,15.1051048951049,27.2916923076923,39.6738721636681,170.093322222222,24.9079087888889,1.8531375,33.02
2022-08-11,0.0,12.5796503566434,14.7629370629371,26.9138811188811,39.446936026179,218.08665,24.4133076222222,2.43018888888889,0.0
2022-08-12,0.0,16.0816197183099,15.3849295774648,26.0814788732394,36.2883701016753,235.673118055555,22.1032674777778,2.44374166666667,0.0
2022-08-13,0.0,16.6007638888889,15.6784722222222,25.5274305555556,34.2537766488788,274.141547916667,20.3865129277778,1.42577916666667,0.0
2022-08-14,0.0,15.4036170212766,15.7297163120567,25.2174184397163,33.3059969634685,143.316773611111,21.0049915,0.966294444444444,2.54
2022-08-15,0.0,19.4130555555556,16.0099305555556,23.9369166666667,28.7003743430414,39.5946277777777,19.1395138888889,1.0139125,34.036
2022-08-16,0.0,18.5405555555556,16.2161805555556,22.8238611111111,25.2657619124314,64.7896583333333,18.1455763888889,0.907477777777777,0.254
2022-08-17,0.0,13.7007638888889,16.2890277777778,22.7155277777778,24.5428433661324,222.607700694444,19.5706597222222,1.42402152777778,0.0
2022-08-18,0.0,9.85408449295775,16.0607746478873,23.0286338028169,24.9584887219607,223.53266736111,21.0717256,1.17270972222222,0.0
2022-08-19,0.0,6.13132867132867,15.8765734265734,23.5864475524476,26.2960233425659,236.296125694444,22.4943427777778,1.23583194444444,0.0
2022-08-20,0.0,5.71739436619718,15.6952816901408,24.053323943662,27.9117404327395,238.673279166666,23.5989375111111,1.24059305555556,0.0
2022-08-21,0.0,6.82937063636364,16.1076923076923,24.2694335664336,28.1819435239264,92.1244243055557,22.9191031333333,0.925316666666667,14.224
2022-08-22,0.0,5.39174825174825,15.0435664335664,24.7812167832168,29.4124320989531,233.715636805555,24.4269302833333,1.66188194444444,0.0
2022-08-23,0.0,6.36804195804196,14.7385314685315,24.9363776223776,30.941026284592,242.720381944444,23.1692398833333,2.13366388888889,0.0
2022-08-24,0.0,4.41636365034965,16.045034965035,24.7778181818182,29.6948848472531,256.712670833333,23.3908320777778,1.96834513888889,0.0
2022-08-25,0.0,3.18671328671329,16.336013986014,24.9922377622378,30.4462960121356,191.060876388889,24.82622675,1.15051319444444,1.27
2022-08-26,0.0,3.07208333333333,14.9261805555556,25.6639513888889,32.9168641343539,230.683026388889,24.8559234944444,1.47806041666667,0.0
2022-08-27,0.0,2.40559440559441,14.7264335664336,25.8280909090909,33.5424587424827,231.051189583333,24.9654784388889,1.80047916666667,0.0
2022-08-28,0.0,2.44787234042553,15.5432624113475,26.1197517730496,34.3216276056662,231.895471527778,25.4507179833333,1.27498541666667,0.0
2022-08-29,0.0,2.34230769230769,15.1506293706294,26.7984335664336,36.2508791745711,256.633207638889,25.3122537,1.18141458333333,0.0
2022-08-30,0.0,2.60329787234043,14.371170212766,27.0779680851064,39.3266473938369,176.30274236111,24.5695949555556,1.54145416666667,0.0
2022-08-31,0.0,3.34328671328671,14.166993006993,26.7013006993007,36.1886709137829,263.648558333334,23.3821674611111,1.99250555555556,0.0
2022-09-01,0.0,4.18669014084507,14.8466901408451,25.7104577464789,32.4993922476804,252.178392361111,22.5237565444444,1.91890694444444,0.0
2022-09-02,0.0,4.219375,15.4645833333333,25.6141666666667,31.6784438491196,256.407696527777,23.3310030333333,1.56034027777778,0.0
2022-09-03,0.0,5.4168055625,15.7423611111111,25.7199861111111,31.9117916204632,224.620870138889,24.6158087666667,1.12526805555556,0.0
2022-09-04,0.0,6.62687498611111,15.9408333333333,25.7771527777778,32.0559587445776,156.303572916667,24.0189712611111,0.917456944444444,22.86
2022-09-05,0.0,8.63450980392157,15.7027450980392,25.5502156862745,32.0143047649164,76.394867361111,22.8823500444444,1.29550208333333,40.64
2022-09-06,0.0,11.9603571071429,16.0473214285714,25.0916428571429,31.2508844071865,212.912974305556,23.8686794666667,1.90230138888889,0.0
2022-09-07,0.0,13.1811111041667,15.5342361111111,25.4953125,32.8590781664213,203.935535416666,23.4978917,2.54815,0.0
2022-09-08,0.0,16.5600704225352,16.9025352112676,24.5260704225352,28.7908966118063,164.821723611111,22.0509390666667,1.21218611111111,23.368
2022-09-09,0.0,18.1693006993007,16.28,24.3792867132867,28.0749322200956,196.274126388888,20.6834650055556,1.35071388888889,0.0
2022-09-10,0.0,20.7503496503497,16.7790909090909,23.6891678321678,25.5936602030439,61.1890902777779,20.1097584333333,1.5348,18.034
2022-09-11,0.0,22.6141958041958,16.9606293706294,23.0023286713287,22.765956489437,108.3513875,22.0903185333333,0.717073611111111,1.524
2022-09-12,0.0,24.6041666666667,16.7385416666667,23.3122777777778,23.6176677621633,192.277415277778,23.4872736722222,1.67182291666667,7.62
2022-09-13,0.0,26.3134507042253,15.9206338028169,23.5330563380282,24.3084147151082,225.191091666666,21.3296159111111,2.589625,0.0
2022-09-14,0.0,28.6521678321678,16.4625174825175,22.544006993007,20.9502162059222,241.741738194444,18.4727975888889,2.08109861111111,0.0
2022-09-15,0.0,31.0588111888112,17.0686713286713,22.3535314685315,20.2579455882488,216.457598611111,20.3471825388889,1.96014791666667,0.0
2022-09-16,0.0,29.236338028169,17.7931690140845,22.3748661971831,20.2189629798328,228.917593055556,21.3859969166667,1.44892847222222,0.0
2022-09-17,0.0,30.3451748251748,18.3253146853147,22.4755104895105,21.221218849089,195.756212500001,20.5885983333333,1.50527777777778,0.0
2022-09-18,0.0,30.0330555555556,16.8372916666667,22.5725902777778,21.3645970827252,224.955186111112,21.6438814611111,1.43132986111111,0.0
2022-09-19,0.0,31.973768115942,16.6138405797101,22.8445869565217,21.9719764973112,198.287527083334,22.3941936944444,1.71494652777778,0.0
2022-09-20,0.0,34.6548951048951,16.0141958041958,23.2024475524476,24.187046834829,218.213951388889,23.4180822722222,2.38715347222222,0.0
2022-09-21,0.0,31.6588028169014,18.8026056338028,22.8391197183099,22.8756202670686,224.303471527778,22.5612854555556,1.63922986111111,0.0
2022-09-22,0.0,33.7495138888889,14.84625,23.6164166666667,24.3360793674421,181.198890972223,22.7798623833333,2.78542291666667,0.0
2022-09-23,0.0,27.0788888888889,14.4046527777778,21.70775,17.7402517471888,231.246561111111,15.3024796944444,3.59862361111111,0.0
2022-09-24,0.0,23.0232638888889,15.0772222222222,20.7222152777778,15.3434493849775,214.184515972222,17.5132987555556,1.41377569444444,0.0
2022-09-25,0.0,23.349020979021,15.0441958041958,20.4451398601399,14.2862377162784,75.4097222222221,18.6911631777778,1.49374375,5.08
2022-09-26,0.0,22.2868055555556,14.8386805555556,20.3452291666667,13.9373253264044,197.393449999999,17.5352361111111,1.78147083333333,0.0
2022-09-27,0.0,21.4295804195804,14.6116083916084,19.9988811188811,13.0905650304083,209.47205625,14.5366342944444,1.78587222222222,0.0
2022-09-28,0.0,17.8820979020979,14.4227272727273,19.1127972027972,10.4034075365775,217.90961875,13.7588937277778,3.26406111111111,0.0
2022-09-29,0.0,17.6632857142857,14.2691428571429,18.2682857142857,8.28931392003779,204.799925,13.8735817166667,3.35717222222222,0.0
2022-09-30,0.0,16.521958041958,14.0553146853147,17.4052797202797,5.87908986049468,38.8748118055555,12.0889305555556,5.28536180555556,29.718
2022-10-01,0.0,15.8011111111111,13.4993055555556,16.2922777777778,4.37460228154438,30.9002208333334,11.9215277777778,3.50747222222222,45.9739999999999
2022-10-02,0.0,13.0668531468531,13.4102797202797,15.5254825174825,2.9842992920306,18.4872486111112,12.4672569444444,5.09164652777778,4.064
2022-10-03,0.0,10.3758041888112,13.3381118881119,15.2750769230769,3.12425855955536,213.105058333334,13.4233611111111,3.3091625,0.0
2022-10-04,0.0,8.43062940559441,13.4822377622378,15.1365314685315,2.4237232149042,168.493629861111,13.8038710277778,3.87691666666667,0.0
2022-10-05,0.0,7.10126764084507,12.7456338028169,15.0152253521127,2.03676877138313,208.4995625,16.1993409833333,4.18457013888889,0.0
2022-10-06,0.0,7.27867133566434,12.9012587412587,15.3519370629371,3.26895112961717,200.71414375,16.5339823,2.5755125,0.0
2022-10-07,0.0,7.26265733566434,12.8074825174825,16.2035594405594,5.30406986288836,186.26241111111,18.9186840666667,2.67166736111111,0.0
2022-10-08,0.0,7.67694446527778,13.081875,16.3489930555556,5.27805149256368,207.587508333333,12.7945361111111,2.67709652777778,0.0
2022-10-09,0.0,7.31409721527778,12.9480555555556,15.1934305555556,3.24813698386325,207.914451388888,10.5095297166667,2.14299166666667,0.0
2022-10-10,0.0,7.04174825174825,13.1313286713287,15.0137272727273,2.79635182502191,204.510550694445,12.4193220444444,2.79610763888889,0.0
2022-10-11,0.0,7.1803597410072,12.9489928057554,14.7542877697842,2.36944782148656,170.720461805556,13.7779549388889,1.78141736111111,0.0
2022-10-12,0.0,8.43783218181818,13.1281818181818,14.6914965034965,2.27011192121106,115.798952777778,16.2057491888889,1.98045763888889,6.604
2022-10-13,0.0,10.0843055486111,13.3554166666667,15.0499791666667,2.56640094831299,84.7092263888891,18.3566805555556,2.76116319444444,1.524
2022-10-14,0.0,8.32147894366197,13.0620422535211,14.8913309859155,2.31815190478878,187.517084722222,14.0053765066667,1.80780625,0.0
2022-10-15,0.0,7.86013983916084,13.1084615384615,14.9386783216783,2.58240188282827,171.133014583333,15.9334313722222,1.61538541666667,0.0
2022-10-16,0.0,7.72141846808511,13.2331205673759,15.2484113475177,3.13524302489297,61.125091666667,17.3044065222222,1.52913263888889,12.192
2022-10-17,0.0,8.33007042253521,13.487323943662,15.278838028169,2.92779147525675,108.157545138889,15.4835043055556,1.74681875,1.016
2022-10-18,17.4527551111111,5.50755244755245,11.9553846153846,14.0283496503497,0.388550957022608,139.471673611112,7.30730420555556,2.76258125,0.0
2022-10-19,74.7250078472222,6.24239436619718,10.7178169014085,12.6626056338028,0.23591970747514,99.478158333334,7.26771873333333,1.99820486111111,0.0
2022-10-20,69.7949722916667,6.81076923076923,11.1092361111111,11.9040138888889,0.342599230628616,176.553679861111,9.47106581666667,1.79184375,0.0
2022-10-21,65.9768902083333,6.68048611111111,11.6311805555556,11.7222777777778,0.398935836362368,175.466618055555,11.5933397033333,1.75315,0.0
2022-10-22,55.7499859722222,7.51826388888889,11.7314583333333,11.7942708333333,0.676168101910532,173.048268750001,12.6230795988889,1.81765555555556,0.0
2022-10-23,45.7000938194444,8.05496502797203,12.4333566433566,12.2152307692308,1.46283404304567,173.074534027777,13.5688014655556,2.04947291666667,0.0
2022-10-24,39.515176744186,9.56136690647482,13.8322857142857,12.3369428571429,1.76564338388414,170.627106944445,16.1030910333333,2.05423888888889,0.0
2022-10-25,35.7868700694444,7.46284722916667,12.9549305555556,12.1805763888889,1.37140072973827,160.438976388888,15.6715143333333,1.66166319444444,0.0
2022-10-26,35.4330110416667,6.92825176923077,12.3015384615385,13.1653286713287,2.71610921221422,107.293496527778,16.3434131666667,2.10533125,2.286
2022-10-27,32.8423231944444,8.17468084397163,13.081338028169,13.023338028169,2.13190555339552,171.385165277777,14.2932792388889,2.96556041666667,0.0
2022-10-28,28.24812875,8.5280555625,12.6443055555556,12.2943263888889,0.954945184776032,131.026836805556,12.3981467833333,1.31000625,0.0
2022-10-29,23.0540052083333,8.64936616901408,12.7236363636364,12.3507622377622,1.02492515164679,105.290919444445,13.6506519777778,1.10971805555556,0.0
2022-10-30,16.5131828541667,8.54326242553191,12.6345774647887,12.2583802816901,0.844512440377261,80.1588465277777,13.7298954722222,0.9236875,0.0
2022-10-31,6.80303476388889,8.50328672027972,12.6093006993007,12.2866503496503,0.882682530440414,16.3991888888889,14.3144004666667,0.984606944444444,8.12799999999999
2022-11-01,1.27231479166667,9.94297873049645,12.8017482517483,12.9112657342657,1.35875525212689,105.8398375,16.0105332055556,2.45294930555556,0.0
2022-11-02,0.298366027777778,10.0747552377622,13.4529861111111,12.8125,1.53712670697563,67.4223909722226,14.9741332277778,1.96785,0.508
2022-11-03,0.014877375,11.092027979021,13.7107692307692,12.8786083916084,1.67205374088347,133.321360416667,15.2567147166667,1.42698055555556,0.0
2022-11-04,0.0,9.8374825034965,14.0184027777778,12.9316875,1.83945437090829,133.130065972221,18.0501570722222,1.321575,0.0
2022-11-05,0.0,8.10225352112676,13.1053846153846,13.0835314685315,2.22411768019817,50.4346236111112,20.2218674277778,2.73067847222222,1.778
2022-11-06,0.0,10.4241666666667,13.3183333333333,13.6776458333333,3.63244937368973,35.0356666666667,20.1892013888889,2.00826736111111,17.272
2022-11-07,0.0,11.3600000141844,13.4723076923077,14.8547412587413,6.59543228242565,110.427520138889,20.1719236888889,2.377875,0.254
2022-11-08,0.0,9.79730496453901,13.8539716312057,14.881390070922,6.59131776422426,156.676658333334,14.9890882666667,1.93969166666666,0.0
2022-11-09,0.0,7.81125873426573,13.5188111888112,13.5442167832168,2.72811659072615,154.049369444444,11.3686308733333,0.835759027777775,0.0
2022-11-10,0.0,7.69454544055944,13.4567132867133,13.1010839160839,1.84552432413303,77.3261284722224,15.2951858055556,1.41139583333333,4.572
2022-11-11,0.0,7.03943661267606,13.3909154929577,13.3082464788732,1.66364584517219,21.1033215277778,19.5456249833333,2.2042875,65.532
2022-11-12,0.0,6.76664337762238,13.9027972027972,14.0681398601399,2.95708456182974,96.3838763888893,17.1732933666667,2.35174861111111,0.0
2022-11-13,70.4569513958333,4.50847222222222,13.5904861111111,12.9127847222222,-0.0082444134366232,150.385008333334,4.63358541666667,4.23871527777778,0.0
2022-11-14,78.5957967361111,5.15069445138889,13.9022222222222,11.4770625,0.528812404447806,137.021072916667,3.88916617222222,0.895961805555559,0.0
2022-11-15,71.6638961111111,3.96784722222222,14.0388888888889,10.6194027777778,0.172003481265197,10.7813611111111,3.704625,0.171647222222224,20.066
2022-11-16,80.1509005555556,2.95131944444444,13.9619444444444,10.0133333263889,-0.0067680451912249,132.814830555555,7.11647645555556,0.922805555555556,0.0
2022-11-17,84.9012758333333,3.07783216783217,14.1165034965035,9.15643353146853,0.008727460417185,134.420160416667,1.96504791666667,1.97726458333333,0.0
2022-11-18,84.5380754166667,3.25770833333333,14.3177777777778,8.44245828472222,0.197614974705233,131.061139583334,4.28832074,1.15390763888889,0.0
2022-11-19,83.7845988888889,3.25263888888889,14.4461111111111,7.96178470833333,0.106944113847988,136.872924999999,5.51125138888889,2.18797013888889,0.0
2022-11-20,89.9045234027778,2.46482517482518,14.4867132867133,6.8218951048951,-0.0058668741470396,142.150345833334,1.9994375,3.99319583333333,0.0
2022-11-21,88.90536,3.16090277777778,14.7471527777778,6.14050694444444,0.0908879415677919,138.226402083334,2.58512184111111,1.50965763888889,0.0
2022-11-22,88.3179233333333,2.91591549295775,14.7479577464789,6.11422535211268,0.148564280094917,136.325020833333,6.58745260222222,2.34284166666667,0.0
2022-11-23,89.5240207638889,3.14042253521127,14.7205633802817,6.25247183098592,0.177516384352082,134.93839375,9.31955010555556,3.14612152777778,0.0
2022-11-24,87.9144179166667,3.27888888888889,14.8124305555556,5.99363194444444,0.103734885019227,131.720121527779,8.88795160777778,1.9846125,0.0
2022-11-25,91.571144375,2.92027972027972,14.6727972027972,6.13834265734266,0.0111050088959791,83.5343097222224,12.6456217988889,2.74986875,0.0
2022-11-26,92.898895625,3.54729166666667,14.708125,6.32491666666667,0.104769853300889,105.596942361112,9.82299401111111,2.23052569444444,0.0
2022-11-27,90.8608480555556,3.35111111111111,14.6751388888889,6.264375,0.0933568347890455,27.652982638889,11.58258115,1.77377222222222,3.048
2022-11-28,94.3747838888889,3.23923076923077,14.6356643356643,6.58835664335664,0.013030923237679,97.7671840277782,10.3386657388889,2.14183402777778,0.0
2022-11-29,93.5222636111111,4.52769230769231,14.7538461538462,6.58218181818182,0.0741090420662863,120.734990972222,8.24874517777778,1.868325,0.0
2022-11-30,93.4170147916667,4.13798611111111,14.5415972222222,6.67798611111111,0.0566193718775709,49.3354659722223,11.5630927944444,2.49016388888889,12.192
2022-12-01,95.5744632638889,3.73513888888889,14.6395138888889,6.19465972222222,0.0231356245845868,113.749623611111,3.49940763888889,1.38939861111111,0.0
2022-12-02,94.3431488194445,4.82104167361111,14.8320138888889,5.84013888888889,0.0677902083605917,99.5076493055556,5.61029591333333,2.04317569444444,0.0
2022-12-03,94.3987002777778,4.30138888888889,14.6303472222222,5.92213888888889,0.046689156225843,34.7137680555556,12.1750227111111,1.7077125,8.12799999999999
2022-12-04,96.3117583333333,4.56454545454545,14.6469230769231,5.78443356643357,0.0424934530636961,83.4378736111114,4.69981388888889,2.87078194444445,0.0
2022-12-05,95.457970625,5.95284721527778,14.7439583333333,5.48705555555556,0.0517930602460615,61.110652777778,3.54058472222222,1.63964444444444,0.0
2022-12-06,94.9326044444445,5.436111125,14.9352777777778,5.38521527777778,0.0471982864063146,15.4092361111112,8.39109882888888,1.18042291666667,17.272
2022-12-07,94.2259480555556,6.47936169503546,14.5490780141844,5.79870212765957,0.159799577458304,25.8794541666667,13.2132934833333,1.605025,6.35
2022-12-08,93.7747063194444,5.86514085211268,14.5298601398601,6.05711188811189,0.204264788430601,38.0713229166666,11.5594694388889,1.75276388888889,4.826
2022-12-09,93.1745245833333,4.41472222222222,14.5686111111111,5.83165972222222,0.136550144531517,33.8396381944446,6.76927638888889,1.08833263888889,3.302
2022-12-10,92.0883502083333,4.84804195804196,14.5823076923077,5.86769230769231,0.126026990182716,37.4817930555553,4.68222083333333,0.9815875,1.27
2022-12-11,91.1981379166667,5.31571429285714,14.5144285714286,6.03679285714286,0.0919874459514332,76.7215520833332,5.95752638888889,1.37632222222222,0.254
2022-12-12,97.9820538888889,6.27993007692308,14.6608391608392,6.03213286713287,0.0438315716241846,113.737574305556,5.72222569444444,2.88575833333333,0.0
2022-12-13,96.8349835416667,8.36722222222222,14.4393055555556,5.95495833333333,0.0633203882671411,42.3943395833332,1.70029305555556,1.2252875,0.0
2022-12-14,95.7386885416667,7.51573426573427,14.495034965035,5.66216783216783,0.0558092599375357,38.4290361111112,1.44619166666667,1.30629722222222,8.38199999999999
2022-12-15,95.8295736111111,6.60035212676056,14.5927272727273,5.38183216783217,0.0234769859221807,,1.14857361111111,1.87307430555556,18.796
2022-12-16,96.2954850694444,4.58656717164179,14.2816417910448,5.21044029850746,0.021284843894265,,3.88527222222222,1.80552708333333,0.0
2022-12-17,96.7835982638889,3.21697183098592,14.1260563380282,5.02154929577465,0.0181269790986837,,3.38427361111111,1.679,0.0
2022-12-18,96.9610811805556,3.26326388888889,14.2213194444444,4.61675694444444,0.0058325555735267,,0.467328472222221,1.91791041666667,0.0
2022-12-19,96.3548851388889,3.38340277777778,14.3054166666667,3.94494444444444,-0.0027640813493739,,0.0444486111111099,2.26868263888889,0.0
2022-12-20,95.3168863888889,3.93909090909091,14.3762237762238,3.72035664335664,-0.0014128928437722,,-0.549076388888889,1.29392222222222,0.0
2022-12-21,90.7471903472222,5.60861111111111,14.451875,3.49479861111111,0.0399932312801702,,1.37031805555555,1.30824027777778,0.0
2022-12-22,91.7105590277778,4.25451388888889,14.3890972222222,3.64947916666667,-0.0027764138584761,,1.91711527777778,2.073375,30.7340000000001
2022-12-23,97.170066875,3.22388888888889,14.383125,3.14141666666667,-0.0174465846676177,,-6.66522708333333,3.54961736111111,0.762
2022-12-24,95.5564881944444,2.39951388888889,14.4940277777778,1.2885,-0.0016371867512102,,-12.5797159722222,3.09198194444444,0.0
2022-12-25,94.8550707638889,2.60216783216783,14.5653846153846,0.704153846153846,0.107918463790388,,-6.37977430555555,3.31025972222222,0.0
2022-12-26,91.9749997222222,3.15132867132867,14.6668531468531,1.06821678321678,0.361176885831383,,-3.71480625,1.88764305555555,0.0
2022-12-27,81.7027295138889,5.14391608391608,14.7683216783217,1.33329370629371,0.297264385344533,,-0.400547916666666,1.92137430555556,0.0
2022-12-28,71.5975065277778,5.78943662676056,14.8107746478873,1.61482394366197,0.243207663873792,,0.850647222222223,1.92992083333333,0.0
2022-12-29,62.215128125,6.32183099295775,14.8734507042254,1.87357746478873,0.194023723817798,,5.69015744,2.28197777777778,0.0
2022-12-30,58.6349677083333,5.77659722222222,14.8719444444444,2.12286111111111,0.140385609566074,,9.16884653888888,1.93734513888889,0.0
2022-12-31,52.1001409027778,6.54328671328671,14.823006993007,2.26117482517483,0.156210915112314,,11.1478020833333,1.20176875,7.36599999999999
2023-01-01,50.1684866666667,4.91838029577465,14.5469230769231,2.39211888111888,0.134330299997008,,11.3254357055556,2.01370833333333,0.0
2023-01-02,74.2784066666667,3.51851063829787,14.2536170212766,2.64914184397163,0.02474963564269,,12.6510270833333,1.76738680555556,0.0
2023-01-03,99.4760302083333,4.52833333333333,14.0904166666667,3.17142361111111,0.0075995423254911,,13.5930465277778,2.05673958333333,0.508
2023-01-04,100.766562569444,5.00458334722222,13.9956944444444,3.58746527777778,-0.0113048152582785,,12.8105804166667,1.837475,1.778
2023-01-05,102.697745833333,4.97762238461538,14.0116083916084,3.91681818181818,-0.0030740298562387,,10.6591335777778,2.12736458333333,0.0
2023-01-06,104.355092361111,4.2262676056338,14.0382394366197,4.2145985915493,0.0003052525763412,,6.21160069444444,2.16301527777778,0.0
2023-01-07,103.917054861111,4.87631944444444,14.0265972222222,4.18421527777778,0.0015351369793813,,4.03009207777778,1.86505625,0.0
2023-01-08,102.674289583333,5.91048611805556,14.0202083333333,4.09961111111111,0.0005564378762626,,-0.101106944444444,0.81987986111111,0.0
2023-01-09,103.039093055556,4.37958041258741,14.0296503496503,3.91268531468531,-0.0015887460695603,,4.24641805555556,3.48143541666667,10.414
2023-01-10,101.784229861111,5.01326388194444,14.1633333333333,3.67196527777778,-0.0069166281484086,,3.34205737777778,2.14348402777778,0.0
2023-01-11,100.467172013889,6.00930554861111,14.1525,3.56382638888889,0.0212974838174412,,3.82379375,1.55999583333333,0.0
2023-01-12,99.5175217361111,6.05384613286713,14.1456643356643,3.78586013986014,-0.0049206333475983,,7.32245795555556,1.48473958333333,15.494
2023-01-13,102.195216666667,4.0306993006993,14.1255944055944,3.9999020979021,0.000361338331977,,5.34808076111111,4.42561736111111,2.794
2023-01-14,101.47645,3.22237762237762,14.1591608391608,3.60696503496504,0.0011017441373376,,-0.313034722222221,6.26619444444444,0.0
2023-01-15,99.2886417361111,3.10055944055944,14.2446153846154,2.78041958041958,-0.0049868401379189,,0.336696527777776,5.15617638888889,0.0
2023-01-16,95.7363476388889,3.35167832167832,14.3534965034965,2.41732167832168,0.117398307793226,,5.35584123333333,2.12069097222222,0.0
2023-01-17,97.8155490972222,3.46517482517483,14.3909090909091,2.73328671328671,0.0595988105784601,,9.50505587777778,1.81219652777778,6.604
2023-01-18,99.7696827083333,3.15170212765957,14.376524822695,3.23185106382979,-0.009238723719044,,12.2460236111111,2.3114625,0.0
2023-01-19,98.9694941666667,3.50520833333333,14.3625,3.67825,0.0041270593945481,,10.9630670888889,1.66918958333333,1.016
2023-01-20,100.364498611111,2.92356643356643,14.3465034965035,3.82746853146853,-0.0002339889930021,,6.47055486111111,2.55659722222222,0.0
2023-01-21,99.2129659722222,3.22590277777778,14.4508333333333,3.73754166666667,0.0051238625346932,,1.16239513888889,2.12954930555556,0.0
2023-01-22,96.9931714583333,3.60715277777778,14.5104166666667,3.72145833333333,0.0335029483871742,,1.36905486111111,1.25992013888889,2.032
2023-01-23,99.2934595833333,3.17629370629371,14.4732867132867,3.62739160839161,0.0001347342085275,,3.29520347222222,2.27077708333333,0.762
2023-01-24,98.5949209090909,3.16971830985915,14.4430985915493,3.3255,0.0087989961178396,189.162398097826,3.65329518492673,2.22377599441731,0.0
2023-01-25,97.4202904861111,3.68465277777778,14.3765277777778,3.51594444444444,0.0327515929530215,16.2306562500001,3.41843125,1.60622916666667,15.494
2023-01-26,99.1067158333333,3.32125874125874,14.3043356643357,3.38796503496503,-0.0023392866584744,64.7487541666665,4.21413472222222,2.60337430555556,0.0
2023-01-27,98.2094939583333,3.48638888888889,14.3020833333333,3.23986111111111,0.0057440712288083,152.594561805555,1.50307986111111,1.65411180555556,0.0
2023-01-28,98.5208382638889,3.56041666666667,14.2771527777778,3.1633125,0.0215098425279058,145.283383333332,5.86234513888889,1.91339583333333,0.0
2023-01-29,98.0305120833333,4.33263888888889,14.2166666666667,3.47094444444444,0.0746031851413801,31.2673972222223,4.74580833333333,1.16537361111111,3.302
2023-01-30,98.158474375,4.58173611111111,14.1667361111111,3.72338888888889,0.0013422060244192,74.1454395833336,9.97000555555555,1.49826041666667,0.0
2023-01-31,99.7470663194444,4.71541666666667,14.1344444444444,3.9905,-0.002113586243386,22.2047034722223,9.44863472222222,1.333425,3.048
2023-02-01,99.9147786805556,4.55734265734266,14.0667832167832,4.16762237762238,0.000626932153331,69.2065527777778,3.14090763888889,0.959586111111116,5.588
2023-02-02,100.241225625,4.87780141843972,13.9959574468085,4.26102127659574,0.0020684707217314,52.1286277777779,3.38912986111111,0.509873611111107,2.286
2023-02-03,101.730248611111,3.79930555555556,13.9571527777778,3.94197916666667,-0.0009243687255763,166.255388888889,-0.483193750000002,2.73303958333333,0.0
2023-02-04,98.5434896527778,4.46597222222222,13.989375,3.37505555555556,0.007788705164676,162.261326388888,-3.36111944444444,1.66583680555556,0.0
2023-02-05,98.0453691666667,4.85105633802817,13.9768309859155,3.35883098591549,0.0685569776545353,126.90849375,3.66603416,1.79312916666667,0.0
2023-02-06,101.191485138889,3.97922535211268,13.792323943662,3.74365492957746,0.00220737076526,163.888692361111,7.79032151,2.94939861111111,0.0
2023-02-07,99.7820578472222,4.49152777777778,13.6252083333333,4.0770625,-0.0009616439345566,141.835501737318,6.16152744961779,1.50187908269632,0.0
2023-02-08,101.379736458333,4.31138888888889,13.5072222222222,4.54495138888889,0.0189297380868015,97.2416625,13.6860909311111,1.75385069444444,0.0
2023-02-09,99.4242020138889,4.87762237062937,13.4316083916084,4.81035664335664,0.0803624261109056,39.5132458333332,14.5924166666667,2.75594236111111,0.0
2023-02-10,104.631164583333,3.94069444444444,13.281875,5.47924305555556,0.0227714333135206,144.849185416667,11.1441960833333,3.32149722222222,0.0
2023-02-11,101.902563819444,4.16055944055944,13.1118181818182,5.87474825174825,0.115900271122495,129.096530555555,6.738375,2.54536736111111,0.0
2023-02-12,101.710536805556,4.67426573426573,13.1425874125874,5.68528671328671,0.0719504203175158,22.1534486111111,2.46564444444444,3.67913055555556,43.688
2023-02-13,101.981150694444,4.0025,13.0864583333333,5.33474305555556,0.0092604686490733,106.555474305556,7.92954722222222,3.66172847222222,0.0
2023-02-14,98.4345247222222,4.39993055555556,13.0991666666667,5.34686111111111,0.113445692922947,159.751897222222,10.3286755911111,1.81422916666667,0.0
2023-02-15,95.8465754166667,4.9011888041958,13.1760839160839,5.39658041958042,0.13440360604659,149.766104166667,12.7637131944444,1.70274027777778,0.0
2023-02-16,95.67801875,4.61636363636364,12.9623776223776,6.35713986013986,0.632075548021918,86.826067361111,14.8919506944444,2.38062083333333,0.762
2023-02-17,100.537140277778,4.29083333333333,12.7885416666667,6.9841875,0.562061464689259,120.089905555555,8.59789652777778,3.27194861111111,13.716
2023-02-18,99.7108275,3.90541666666667,12.7275,6.64347222222222,0.254258212129107,184.019759722222,1.20515347222222,2.90528958333333,0.0
2023-02-19,95.1000727777778,4.52937500694444,12.8565277777778,6.41220833333333,0.221021159435418,175.357911111111,7.02835208333333,2.500375,0.0
2023-02-20,100.077013819444,4.17727272027972,12.7727972027972,6.77016783216783,0.0215660106526078,77.8453034722222,10.6326583333333,2.2250375,0.0
2023-02-21,100.06746625,3.78868055555556,12.621875,7.29878472222222,0.147644149178684,182.578689583335,13.3796013888889,2.32503958333333,0.0
2023-02-22,95.7808099305555,4.25133802816901,12.6233802816901,7.41824647887324,0.330809321637386,113.058368055556,12.6437784722222,2.08456875,0.0
2023-02-23,95.0441970138889,4.03979166666667,12.4721527777778,8.27324998611111,0.742731343494298,91.1201611111113,17.0511286055556,2.07271319444444,0.0
2023-02-24,95.7165551388889,3.58258741258741,12.37,8.90255247552447,0.519672105933758,162.824447916666,13.0895284722222,2.711075,0.0
2023-02-25,88.637279375,4.03780141843972,12.4695744680851,8.36535458156028,0.515260479120343,34.5922236111112,3.69402569444444,1.24750138888889,5.334
2023-02-26,84.6689970138889,3.24225352112676,12.3694366197183,8.53228172535211,0.339673856566644,181.180092361111,9.19187777777778,2.04216041666667,0.0
2023-02-27,87.3626165972222,3.24629370629371,12.4806993006993,8.34907690909091,0.476260728277215,66.5052597222219,8.41600347222222,1.82570069444444,5.588
2023-02-28,99.5742700694444,2.57881944444444,12.2872916666667,8.83129863194444,0.243385776104527,199.494900694444,15.5080117333333,2.79501111111111,0.0
2023-03-01,93.5921535416667,3.02263888888889,12.3552083333333,8.83980554861111,0.428878978276533,139.446258333334,10.1131520833333,1.60955694444444,0.0
2023-03-02,89.8944297916667,2.57153846153846,12.1903496503497,9.58723077622378,0.854085754402202,64.2680756944447,13.0077680555556,2.01572916666667,1.778
2023-03-03,89.3339988194444,2.66986111111111,12.388125,9.115576375,0.630612675242961,12.9091923611111,7.15587291666667,1.94478125,19.812
2023-03-04,99.0279011805556,2.19881944444444,12.2767361111111,8.98706252083333,0.0460940486956587,219.466860416667,8.98928376222222,3.39775972222222,0.0
2023-03-05,95.7779333333333,2.104375,12.0593055555556,9.46273607638889,0.887537372796252,220.6928625,8.60869236111111,2.00935347222222,0.0
2023-03-06,89.1670138888889,2.59605633802817,12.2199295774648,9.32159152816901,0.923523817026374,211.157386111112,11.1410416666667,1.71495069444444,0.0
2023-03-07,99.6389870833333,2.23239436619718,11.9376056338028,9.96832392957747,0.195928299977719,226.00613888889,12.5650872277778,3.51615277777778,0.0
2023-03-08,100.567701319444,2.29694444444444,11.9761805555556,9.73485420138889,0.147335637855895,223.424165972222,6.75624722222222,4.71581875,0.0
2023-03-09,93.0057355555556,2.63382978723404,11.9339007092199,9.72241135460993,0.989908216119343,213.915810416667,8.36906588888889,2.24543402777778,0.0
2023-03-10,92.7115089583333,3.01412587412587,12.1414685314685,9.41858039160839,0.629415674629171,56.2141208333331,6.92342083333333,1.71002152777778,1.778
2023-03-11,100.883053472222,2.85902777777778,12.123125,8.88849303472222,0.0478428619372601,142.402607638889,2.87300902777778,2.99591041666667,0.0
2023-03-12,96.8671838194444,3.32743055555556,12.1872222222222,8.49206943055556,0.1387353417821,27.9657659722222,-0.585339583333333,1.35663541666667,0.0
2023-03-13,95.9706002083333,3.240625,12.2398611111111,8.09845832638889,0.11949551415102,113.464604861112,3.40308888888889,1.74894652777778,6.096
2023-03-14,99.1285179861111,3.11083333333333,12.2495833333333,7.42523611111111,0.0133034393708401,176.186310416666,-0.380477777777778,2.79208541666667,0.0
2023-03-15,99.4740150694444,2.99852112676056,12.16,6.81542253521127,0.0221885545610812,246.31958125,2.84113541666667,3.66257916666667,0.0
2023-03-16,97.3524531944445,3.59263888888889,12.128125,6.88234027777778,0.226096657971871,223.165059027778,10.0045243055556,1.81091041666667,0.0
2023-03-17,94.7152365277778,4.08028169014085,12.1823943661972,6.98215492957747,0.348175305221644,80.0750999999996,10.4283597222222,2.23791388888889,0.0
2023-03-18,102.851754166667,3.36781690140845,12.0028169014085,7.35897887323944,0.0383562960553608,236.718406944445,5.46931319444444,2.79247291666667,0.0
2023-03-19,103.039393055556,3.47493055555556,11.9057638888889,7.23975,0.0432811818964174,252.527531944443,-0.487061805555556,3.07580138888889,0.0
2023-03-20,98.9800183333333,3.91432624113475,11.7448226950355,7.3916524964539,0.653938529763584,255.529781249999,1.43622291666667,2.22635972222222,0.0
2023-03-21,97.918587751938,5.76445254014599,11.0747445255474,7.15740145985401,0.494156371974916,244.348520833333,8.02102291666667,1.98882013888889,0.0
2023-03-22,100.348537777778,7.02950701408451,10.5888732394366,7.53573237323944,0.916194849807067,93.8657472222222,10.5444041666667,0.984347916666667,0.0
2023-03-23,98.8005272916667,6.66868057638889,10.3378472083333,8.68738893055555,2.44399957788833,165.257893055556,17.7304038833333,1.78105416666667,0.0
2023-03-24,98.0991468055555,7.42784722222222,10.1340971875,10.2509513888889,5.22524838157447,170.2833875,19.6655226,2.35011319444444,0.0
2023-03-25,97.4744755555556,10.0993055347222,10.4986111111111,9.3446319375,3.42693712224957,115.031161805555,13.2992021444444,2.09872638888889,3.048
2023-03-26,97.4560149305556,7.85176055633803,10.1575352112676,10.8477816901408,6.15634177289292,247.150896527779,15.21001925,2.29534791666667,0.0
2023-03-27,96.1008948611111,7.85267608450704,10.0941549366197,11.7998873239437,8.77209385090612,199.89861875,16.3285700722222,1.68648472222222,0.0
2023-03-28,95.3981202083333,8.6718880979021,9.9433566013986,12.0034195804196,8.40645511309001,103.389815277778,11.1869930555556,2.78747152777778,0.0
2023-03-29,94.7430288888889,7.00873238732394,9.75394365492958,12.1134366197183,9.06761377737348,259.583258333333,9.53345902777778,2.01154444444444,0.0
2023-03-30,92.5174092361111,6.8875,9.85097223611111,11.9405902777778,8.81249125758498,233.334840972222,10.3300154722222,1.59734861111111,0.0
2023-03-31,90.7792813888889,9.03979022377622,10.3884722013889,11.2359027777778,6.79578741807517,75.8806152777781,11.2549865,2.08770416666667,8.88999999999999
2023-04-01,88.6701550694444,7.62732395070423,9.98774642253521,12.0795422535211,7.58241846612458,221.911914583333,18.2528650055556,3.30112847222222,9.652
2023-04-02,85.9711290972222,7.05475524475524,9.72076922377622,12.0491328671329,6.06517000145863,253.062720138889,8.21107569444444,3.24792361111111,0.0
2023-04-03,86.6721609027778,8.42797203496504,10.126458375,11.7213333333333,6.55082179766232,175.141417361111,12.9554046388889,2.51320416666667,0.0
2023-04-04,84.088158125,8.24909725,10.2361805416667,12.1432152777778,7.5764480653784,258.791068750001,19.36578615,1.59483194444444,0.0
2023-04-05,81.754986875,6.82699301398601,10.2369230769231,13.3948811188811,11.0849193573514,219.202332638889,22.0607478722222,2.78573680555556,0.0
2023-04-06,79.7281371527778,6.26853148251748,10.0272727482517,15.5084055944056,19.5911863221007,162.366263888889,22.5297618,2.36982013888889,0.0
2023-04-07,77.9237047916667,7.64354167361111,10.1236110763889,15.6947777777778,17.7984527834575,37.9491458333332,8.86222638888889,2.64568402777778,7.112
2023-04-08,73.7035686805555,8.1048252027972,11.3772727272727,13.656020979021,11.8079919378083,71.7893416666668,6.73227708333333,1.23911388888889,0.0
2023-04-09,68.3963984722222,5.22083333333333,10.8022916597222,13.095,9.93575617956279,288.256429861112,7.83724791666667,1.27300347222222,0.0
2023-04-10,68.2564500763359,4.54846153846154,10.3342657062937,13.1333496503497,9.97871649443388,290.139222916667,9.26987986111111,1.55662152777778,0.0
2023-04-11,64.9449747222222,3.96853146853147,9.67013983916084,14.0152377622378,12.6216116054014,287.957026388889,14.7356002611111,1.96108055555556,0.0
2023-04-12,63.6436170833333,3.70145833333333,9.33277781944444,14.9075625,15.5914453382016,281.085677083333,18.45116565,2.31099652777778,0.0
2023-04-13,59.0787441666667,4.14937499305556,9.51548604166667,15.3017708333333,16.4146742542716,282.060393055556,19.90072735,1.84071111111111,0.0
2023-04-14,56.2177404861111,4.22444444444444,9.57756939583333,15.6987777777778,17.4830947271841,165.260966666666,16.9022013888889,1.555725,12.446
2023-04-15,52.1756050694444,4.2931914893617,9.27985814184397,16.7676595744681,29.6804107869743,217.454798611111,17.9686597222222,1.43804583333333,0.254
2023-04-16,46.3667377777778,5.10321678321678,9.79335664335664,16.7424755244755,29.1841207368811,137.711723611111,18.4326944444444,2.09197638888889,8.89
2023-04-17,47.2136842361111,4.25633802816901,9.2886618943662,16.6736126760563,24.0891393647329,232.128515277778,13.3140902777778,2.48859166666667,0.0
2023-04-18,41.2749079166667,4.59881944444444,9.32534725,16.0087638888889,19.3054885615787,296.806018750001,16.74275,2.4224375,0.0
2023-04-19,35.0365019444444,5.6579021048951,9.56167828671329,15.974,24.5487422088197,282.292399305555,18.9872804222222,1.69853263888889,0.0
2023-04-20,32.8765788888889,5.34298611111111,9.47201390277778,16.9580069444444,28.6577757660747,278.475450694444,22.2358417166667,1.92122847222222,0.0
2023-04-21,27.2741954166667,5.43440559440559,9.55622383916084,17.5886013986014,31.1241240882148,284.728565972221,21.3204178722222,2.35756666666667,0.0
2023-04-22,24.0726157638889,6.83944442361111,9.542638875,17.6970208333333,29.9354111481468,92.7915249999997,13.7549861111111,2.06770555555556,11.684
2023-04-23,20.3079644583333,5.70545454545455,9.29685318181818,17.3307062937063,26.0402595241744,249.920278472222,11.6049965277778,2.67601527777778,0.0
2023-04-24,13.2835792152778,4.62160839160839,9.22370621678322,17.0763916083916,24.5409981352318,294.96871736111,10.30049355,2.20284861111111,0.0
2023-04-25,9.43020127777778,5.51328672027972,9.73482515384615,16.282041958042,21.1896640017733,229.898721527779,9.33164097222222,1.59078541666667,0.0
2023-04-26,1.40369270138889,5.80602836879433,9.90588637588652,15.8704609929078,19.2291792257453,174.846439583333,12.3970882611111,1.52748402777778,0.0
2023-04-27,0.0736651944444444,6.20524475524476,10.0027271608392,15.7016783216783,18.0152245302904,153.442779861111,14.4239526222222,1.75911041666667,19.05
2023-04-28,0.0,5.58132867132867,10.0588111748252,15.6743356643357,17.7328555334275,76.8678666666665,14.8987585277778,1.38443888888889,37.338
2023-04-29,0.0113305833333333,4.13816901408451,10.0122535211268,15.9173521126761,20.6868588040781,229.109572916666,17.8591465666667,1.24680555555556,0.0
2023-04-30,0.0,3.23521126760563,9.6769718028169,16.9150352112676,23.6482180154485,129.50008125,15.3287916666667,2.00496944444444,5.334
2023-05-01,0.0,2.86783216783217,10.0030768251748,15.9408951048951,17.7700046751342,87.5584118055554,9.90940833333333,2.17398333333333,0.254
2023-05-02,0.0,2.67587412587413,10.5062237762238,15.0902797202797,12.720157937312,291.119707638887,12.8068118055556,2.76060694444444,0.0
2023-05-03,0.0,2.84638888888889,10.7559027777778,14.4776666666667,8.90618933309183,176.857509722223,9.35745138888889,2.22251111111111,0.0
2023-05-04,0.0,2.79368055555556,10.7575694444444,14.1969027777778,9.07961461565431,298.214243749999,11.6817861111111,2.80094652777778,0.0
2023-05-05,0.0,4.69472220833333,10.9284027777778,14.4171458333333,11.8316347393183,316.811461805556,13.8720145444444,1.48020208333333,0.0
2023-05-06,0.0,6.46964788028169,11.1158041958042,14.8565524475524,14.4062503497166,309.703347222221,17.70370735,1.21431805555556,0.0
2023-05-07,0.0,5.353125,10.8166666597222,16.162,23.2178811337807,172.513588888889,19.4505454777778,1.73743263888889,1.778
2023-05-08,0.0,3.99104895104895,10.5540559160839,17.2328251748252,28.9059184409188,254.830555555555,21.5747777777778,1.66230972222222,0.0
2023-05-09,0.0,5.22692857857143,10.6480000285714,18.2685357142857,35.4627528388368,226.811227777778,19.7489166666667,1.89799305555556,5.08
2023-05-10,0.0,7.32777779166667,11.811875,17.8636180555556,33.5778632088143,305.422163194445,16.4266666666667,1.36913194444444,0.0
2023-05-11,0.0,5.5960839020979,11.816993006993,18.611013986014,36.3588712623619,305.717833333334,18.3841736111111,1.33365763888889,0.0
2023-05-12,0.0,3.35895833333333,11.3165972222222,19.6056875,42.1494453560969,198.201728472222,20.0961180555556,1.25831458333333,0.0
2023-05-13,0.0,3.34784722222222,11.9854861041667,19.7071111111111,48.0742916817124,192.30696875,21.7669305555556,1.31472361111111,1.27
2023-05-14,0.0,2.675,11.7767361111111,20.2816666666667,49.7262993074541,293.291594444445,19.5680694444444,1.28771944444444,0.254
2023-05-15,0.0,2.72587412587413,12.0135664335664,20.4995734265734,47.5658179383945,61.8867791666666,15.6545069444444,0.702975,2.54
2023-05-16,0.0,3.844375,11.1065277708333,20.8948472222222,46.2512495286985,150.126040277778,18.9530763888889,0.978499305555556,12.954
2023-05-17,0.0,2.61286713286713,10.2537762727273,21.5425104895105,48.6445963998231,285.033565277778,18.1919444444444,2.53673888888889,0.0
2023-05-18,0.0,2.60352517985612,12.2232867132867,20.1177972027972,40.4480178092647,194.816945833333,15.3536458333333,1.2658,0.0
2023-05-19,0.0,3.29321678321678,11.284375,20.1510625,38.3366757763554,205.627480555555,16.1883680555556,0.965111805555556,0.0
2023-05-20,0.0,3.23985915492958,10.9172727342657,20.6935874125874,43.6872890296808,204.402575,20.1748263888889,1.45235902777778,0.0
2023-05-21,0.0,2.11458333333333,10.6688888888889,21.0871805555556,47.6853529547836,315.625111111112,17.8627847222222,2.7777,0.0
2023-05-22,0.0,2.41069444444444,11.375625,20.8637013888889,43.927686210736,293.080037500001,19.0925966111111,1.50977638888889,0.0
2023-05-23,0.0,2.86097222222222,11.2747222222222,20.9554166666667,42.967964362243,271.097002777777,17.1368680555556,1.28275347222222,0.0
2023-05-24,0.0,2.34605633802817,10.7974647887324,21.213176056338,45.6025724400803,290.734827777778,17.4582222222222,1.56553125,0.0
2023-05-25,0.0,2.92090277777778,11.3604861111111,21.1598888888889,44.2198064004619,189.4655875,15.8646458333333,1.77003402777778,0.0
2023-05-26,0.0,2.61784722222222,11.3949305555556,20.7312013888889,40.9626322176024,306.724568055556,15.1472569444444,1.34170625,0.0
2023-05-27,0.0,2.65458333333333,11.1113888888889,20.4088958333333,38.5077576832054,180.541948611111,15.2619513888889,1.88215763888889,0.0
2023-05-28,0.0,2.85629370629371,11.1709090909091,19.7056503496503,34.0088751669573,69.2209819444443,14.397375,1.81705694444444,10.922
2023-05-29,0.0,2.60930555555556,11.1471527777778,19.2855763888889,31.440412626024,108.053620833334,17.6133960111111,2.21333888888889,34.29
2023-05-30,0.0,2.4393661971831,11.5720422535211,19.0535422535211,29.7752793370168,129.017649305556,18.2210902777778,1.37681319444444,6.858
2023-05-31,0.0,1.54243055555556,11.3584027777778,19.3445902777778,32.0742802086851,215.926338194444,18.0421875,1.113925,0.762
2023-06-01,0.0,0.982638888888889,11.2985416666667,19.7708055555556,37.0011679410719,320.882762500001,19.1773472222222,1.53265,0.0
2023-06-02,0.0,1.03479166666667,11.5002777777778,20.2720555555556,44.9865445952138,327.680731944444,21.4778333333333,1.91696666666667,0.0
2023-06-03,0.0,0.886993006993007,11.6112587412587,20.7887342657343,49.4124877896936,263.810544444445,22.0581242555556,2.33251388888889,3.302
2023-06-04,0.0,1.12861111111111,11.7679166666667,20.9471527777778,41.3997083496854,97.5253847222219,16.6838819444444,1.14321388888889,0.0
2023-06-05,0.0,0.880070921985816,10.4060992765957,21.4963546099291,45.1043283986432,313.857331944445,18.6438888888889,1.75304861111111,0.0
2023-06-06,0.0,0.9,10.0190909020979,22.4133426573427,48.4490630112493,256.052540277778,18.7657916666667,2.24378263888889,0.0
2023-06-07,0.0,0.872447552447552,10.2515493098592,22.1362237762238,47.1091666616971,190.343960416667,18.3292291666667,1.72499305555556,0.762
2023-06-08,0.0,0.814366197183099,10.4790322688172,21.7182394366197,43.9536831234634,303.269622222221,16.8947569444444,3.04215555555556,0.0
2023-06-09,0.0,0.824782608695652,10.6161627906977,21.4727971014493,42.4656367729291,269.529042361111,17.7086388888889,2.17069930555556,0.0
2023-06-10,0.0,1.10377622377622,11.1472727386364,21.1271468531469,42.5634604484344,328.412891666666,20.7883183888889,1.55495,0.0
2023-06-11,0.0,1.07673611111111,11.0789361595745,21.5926666666667,44.4643781614465,242.159831944444,21.2238353722222,1.92517847222222,0.762
2023-06-12,0.0,1.24826388888889,10.7455263157895,22.1013055555556,45.8152702118821,186.560079166667,21.2523819444444,1.91079305555556,2.794
2023-06-13,0.0,1.06887323943662,10.3713274159292,22.1599366197183,46.3016013945117,319.192795138889,19.9916225666667,1.68696180555556,0.0
2023-06-14,0.0,1.09953488372093,10.1124193548387,21.5304186046512,40.7177745852555,107.550689583333,20.4479444444444,2.05644930555556,0.0
2023-06-15,0.0,1.14298611111111,9.73381945138889,21.3067986111111,41.9874487657453,229.85683125,21.3302638888889,1.88580972222222,0.0
2023-06-16,0.0,1.31006944444444,9.62090273611111,22.4408541666667,47.1972642229815,268.590155555556,23.0710110611111,2.04449791666667,0.0
2023-06-17,0.0,0.934788732394366,9.49281692253521,22.6507816901408,47.5766933880431,305.159276388888,21.7413788944444,2.86641597222222,0.0
2023-06-18,0.0,1.05194444444444,9.96284721527778,22.1596041666667,45.8652146743047,316.422108333332,22.9167701166667,1.75691875,0.0
2023-06-19,0.0,1.18321678321678,10.5993705944056,22.295,45.4822691099489,129.862234027778,21.8225854277778,1.18885694444444,
2023-06-20,0.0,1.64734265734266,11.3398601398601,21.4974615384615,39.5927206152799,85.6879930555556,21.0148555722222,2.63319583333333,14.986
2023-06-21,0.0,1.91166666666667,11.2472916666667,21.0200069444444,35.7128600332086,68.2832722222221,18.7656038722222,2.90842638888889,11.176
2023-06-22,0.0,2.40992907801418,11.1803546099291,20.3938794326241,31.5324590004896,56.0319687500001,15.9926319444444,1.33435694444444,21.082
2023-06-23,0.0,2.52405594405594,11.2005594405594,20.3508111888112,32.338463152153,152.182647222222,19.7567916666667,1.00088472222222,1.524
2023-06-24,0.0,1.48908450704225,10.4240140633803,21.5071056338028,40.0277751833099,223.319427083333,22.6094873,2.38856111111111,0.0
2023-06-25,0.0,1.39683098591549,10.5683098239437,21.8994154929577,44.8883826099954,255.263738194444,23.9819198777778,1.65090486111111,0.0
2023-06-26,0.0,1.53944055944056,10.2653846223776,22.9210909090909,51.0166964992815,296.882723702664,25.2969258345021,2.05765217391304,0.0
2023-06-27,0.0,1.39458646616541,9.36398494736842,24.0056240601504,54.2463376987409,203.779835416667,22.89216825,1.77645138888889,0.0
2023-06-28,0.0,1.331875,9.45881949305556,23.7588611111111,52.4692859063426,275.234274999999,22.8457951333333,2.07074305555556,0.0
2023-06-29,0.0,1.41291666666667,9.96277779166667,23.6170625,51.7587260533607,306.843572222223,21.9963402777778,1.19409930555556,0.0
2023-06-30,0.0,1.31090277777778,9.98874998611111,23.9461111111111,54.5403433743245,227.745013194444,24.0150486111111,0.973115277777778,0.0
2023-07-01,0.0,1.30673611111111,9.92437498611111,24.6125138888889,62.025452278495,211.216920833333,25.2409722222222,1.21729027777778,0.0
2023-07-02,0.0,1.12833333333333,9.67111115972222,25.4436041666667,67.4955253707155,257.15663263889,26.41541595,1.29287083333333,0.0
2023-07-03,0.0,1.27208333333333,9.43923611805556,26.0825347222222,71.9631944794524,237.818255555556,25.8620471777778,1.67314444444444,0.0
2023-07-04,0.0,1.13629370629371,8.54538464335664,27.0183496503497,75.4830071072209,246.954021527777,24.3030138888889,1.97251041666667,0.762
2023-07-05,0.0,1.3665034965035,9.22174829370629,26.6792657342657,74.8600936415975,241.89973125,24.4564722222222,1.65634166666667,0.0
2023-07-06,0.0,1.41083333333333,9.07729163888889,27.0287708333333,77.7896817816927,251.422815972223,24.9801111111111,1.44794930555556,10.668
2023-07-07,0.0,1.10363636363636,8.67594400699301,27.6793076923077,84.0955667429947,265.777911805555,24.4338541666667,2.36959722222222,0.0
2023-07-08,0.0,1.49694444444444,9.43875000694444,27.6087361111111,81.5332681638449,221.859895138888,24.2646388888889,1.56568263888889,0.0
2023-07-09,0.0,1.08986013986014,8.8991608951049,27.3687692307692,77.4783172331456,176.147088888889,22.1710972222222,2.59558055555556,4.064
2023-07-10,0.0,1.13507042253521,8.99330986619718,26.8725,75.4811639742392,309.182816666666,22.6601805555556,2.72956736111111,0.0
2023-07-11,0.0,1.28347222222222,9.21916667361111,26.7986875,76.2303131786459,294.437745833334,22.1051388888889,2.22865902777778,0.0
2023-07-12,0.0,1.39223776223776,9.26650352447552,26.8815594405594,74.1928009525131,257.302759027778,23.3118055555556,1.25022916666667,0.0
2023-07-13,0.0,1.27409722222222,9.37881941666667,26.831875,73.4490085115804,242.450556944445,24.9350489833333,2.02746875,17.526
2023-07-14,0.0,1.54570422535211,9.1400703943662,26.738676056338,71.4927825364958,205.118516666667,22.9427284944444,1.12220416666667,16.256
2023-07-15,0.0,1.44769230769231,8.81692302797203,27.1877482517483,75.0486257112322,222.003652777778,24.4336661944444,1.46752361111111,2.286
2023-07-16,0.0,1.53671328671329,8.56139861538461,27.6700769230769,77.9012638550827,283.203777083334,24.605375,1.96937222222222,4.064
2023-07-17,0.0,1.88506944444444,8.69180551388889,27.2374722222222,74.6521484013193,263.368348611111,24.0648820888889,1.92029444444444,8.128
2023-07-18,0.0,2.29664335664336,8.82804202097902,27.1543356643357,74.4536539204554,292.030390277776,25.4609902777778,1.486575,0.0
2023-07-19,0.0,2.76208333333333,8.34694445138889,27.6899027777778,76.7992518133911,198.269988880652,24.1102350778354,1.69340326167531,9.65199999999999
2023-07-20,0.0,3.14461538461538,8.4751748041958,27.3970769230769,75.1709038111222,246.299627777778,25.0856159444444,1.59695763888889,13.716
2023-07-21,0.0,3.20958333333333,8.12069441666667,27.5745138888889,75.2621156960047,239.58056875,24.8313201888889,1.86017916666667,0.0
2023-07-22,0.0,4.76583333333333,8.46687498611111,26.8967291666667,70.6403554469982,119.411327777778,22.6689007611111,1.49268680555556,0.0
2023-07-23,0.0,4.83701388888889,8.84930551388889,26.2976736111111,65.6921888685889,211.382801388889,22.2655138222222,1.39778194444444,27.686
2023-07-24,0.0,5.28986014685315,8.9358041958042,26.1964125874126,67.2671255138457,288.934603472222,23.4201770611111,1.26518958333333,0.0
2023-07-25,0.0,4.87405593706294,8.90930070629371,26.7484195804196,72.6631967106125,248.006033333334,24.0479662722222,1.60130416666667,2.54
2023-07-26,0.0,4.79894366197183,8.94478876760563,27.1588169014084,72.9581508240614,288.126159722222,25.5488961277778,1.42454166666667,0.0
2023-07-27,0.0,5.55823944366197,8.3858450915493,27.8097394366197,81.730912889289,310.979028472221,26.8865547,1.34584305555556,0.0
2023-07-28,0.0,6.17486111111111,8.21916665972222,28.4823402777778,83.7129295024997,231.381474305556,26.6325815222222,1.56269652777778,8.128
2023-07-29,0.0,3.53715277777778,8.5207639375,28.2061597222222,83.121314613334,269.283760416667,26.8203701777778,1.95974791666667,2.032
2023-07-30,0.0,3.91743055555556,8.61347226388889,28.2876805555556,81.093680177451,226.281667361112,25.5242723333333,1.62983472222222,1.27
2023-07-31,0.0,3.37230769230769,9.04937065034965,27.9946433566434,78.4578664507368,275.856765972222,23.9490447,1.70812638888889,0.254
2023-08-01,0.0,3.5275,9.44215276388889,27.837625,77.0519961513962,284.8050375,21.9187374611111,1.43582013888889,0.0
2023-08-02,0.0,4.49377622377622,10.0130768251748,27.2768531468531,71.3448629447751,260.500452083334,21.8919838444444,1.43103958333333,0.0
2023-08-03,0.0,6.25715278472222,10.034861,26.4579166666667,64.1572072988953,16.3243618055555,19.4093402777778,1.75192638888889,12.954
2023-08-04,0.0,9.03851061702128,10.5527083333333,25.7054722222222,60.2446249969059,220.110361111111,23.0125558277778,1.06739375,0.254
2023-08-05,0.0,5.96048610416667,10.5671527777778,26.0855763888889,64.090813131647,283.862843749999,24.9109051166667,1.34305694444444,0.0
2023-08-06,0.0,7.01744682978723,10.691702106383,26.2465035460993,63.4981497181663,120.395304166666,23.5985505055556,1.09862777777778,17.272
2023-08-07,0.0,6.77202797902098,10.5186013986014,26.131006993007,62.0692742617895,224.047932638889,24.8160531388889,1.45076111111111,0.0
2023-08-08,0.0,5.31513888888889,9.92722222222222,26.2787708333333,61.6032498245091,273.510348611113,23.9714325111111,2.26012430555556,0.0
2023-08-09,0.0,6.10298610416667,10.099861,25.7707986111111,58.7978704633272,198.259605555556,23.7126548055556,1.68813333333333,0.0
2023-08-10,0.0,7.1848950979021,10.0807691748252,25.7147132867133,56.5674535620671,115.781371527778,22.9725804555556,1.28166666666667,4.572
2023-08-11,0.0,7.31720279020979,10.2222377062937,25.2278531468531,56.483695715784,266.718560416666,24.2005537277778,1.10498611111111,0.0
2023-08-12,0.0,6.89597223611111,10.4583333263889,25.8175347222222,62.5585074120475,266.901938194445,26.5713870888889,1.42471527777778,0.0
2023-08-13,0.0,6.37152779166667,9.90375001388889,26.4942083333333,65.9083127006157,235.719782638889,26.3511340944444,2.51814027777778,0.0
2023-08-14,0.0,8.43198580141844,10.6576595957447,26.4113120567376,65.8743827422164,162.630516666667,25.3066956444444,1.20892847222222,4.064
2023-08-15,0.0,6.83111888111888,10.1565034825175,26.8507272727273,67.473821494772,204.287088194444,27.1768882611111,1.64710972222222,0.0
2023-08-16,0.0,7.64159725694444,10.2047222291667,26.1595833333333,62.3663251124538,209.100443749999,24.4284881222222,2.36090763888889,0.0
2023-08-17,0.0,8.48263890972222,10.6354166666667,25.8468125,58.1507225042384,268.034026388889,24.7161636444444,1.66744375,0.0
2023-08-18,0.0,7.00141845390071,10.0931205531915,26.2171489361702,59.0907682348476,287.278286805556,24.9911192222222,2.06292708333333,0.0
2023-08-19,0.0,7.79180554861111,10.6365277777778,25.3501805555556,48.2464921727322,289.49076111111,21.7069939555556,2.00589027777778,0.0
2023-08-20,0.0,6.2193006993007,10.6905594405594,25.3128601398601,48.208165204222,279.265742361112,24.9698511666667,1.48206319444444,0.0
2023-08-21,0.0,6.08915493661972,10.3788731901408,25.8990211267606,51.9280934231746,222.626981944445,26.1428078222222,1.90831041666667,0.0
2023-08-22,0.0,7.88804197202797,10.317972027972,26.3872307692308,54.4746892443186,235.342223611111,27.0312683444444,2.62962222222222,0.0
2023-08-23,0.0,6.62930555555556,11.1674305555556,25.8419236111111,51.2404818053171,272.482013194445,23.99170905,1.15348541666667,0.0
2023-08-24,0.0,7.00416668055556,10.774375,26.0413125,53.2303257039996,202.901931944445,25.2016679222222,1.4351375,0.0
2023-08-25,0.0,7.236736125,10.3587500069444,26.3844861111111,55.8563069336821,194.817362500001,26.8613063666667,2.15416458333333,0.0
2023-08-26,0.0,9.3427971958042,10.6506992937063,26.3967272727273,55.3850258044857,204.528830555555,26.5530723333333,1.87916944444444,0.0
2023-08-27,0.0,10.0719444652778,11.3209027777778,26.2452152777778,54.2211878334002,125.868591666667,26.0985806333333,1.09749722222222,0.762
2023-08-28,0.0,12.3227777847222,11.1086111111111,25.593,50.3170867751023,91.2112631944446,23.52316455,1.07143125,4.572
2023-08-29,0.0,9.12384617482518,11.0696503496503,25.2173216783217,48.3312886905671,82.046627083333,24.1209867666667,0.868595138888889,0.0
2023-08-30,0.0,7.599861125,10.9436111111111,25.2646180555556,48.024698733164,187.274549305556,25.4203409444444,3.19227013888889,0.0
2023-08-31,0.0,8.47007042253521,10.9227464788732,24.7862816901408,45.1888542823048,276.305289583333,22.0752279555556,3.72056111111111,0.0
2023-09-01,0.0,10.0192253732394,11.1497183098592,24.5070633802817,43.1664898975238,273.284045833333,20.3599029611111,1.44256527777778,0.0
2023-09-02,0.0,8.33937062237762,11.1888111888112,24.4813426573427,42.7079696030996,258.624497222223,22.4764310944444,1.31090486111111,0.0
2023-09-03,0.0,8.25727271328671,11.0783916083916,24.7774755244755,44.2708741887215,250.831530555554,25.2847867277778,2.42973958333333,0.0
2023-09-04,0.0,9.03198578723404,11.0236879432624,25.3642695035461,47.9495532760556,254.297498611111,26.6118127277778,2.84165555555556,0.0
2023-09-05,0.0,11.5525694513889,11.5872916666667,25.4309166666667,48.9777875804564,238.046788762447,27.2647736111111,2.51264027777778,0.0
2023-09-06,0.0,11.4181944583333,11.9831944444444,25.8326458333333,50.4266993719727,243.45979513889,27.3010731,1.78133333333333,0.0
2023-09-07,0.0,8.9285416875,10.1514583680556,26.7814375,54.3109427273711,157.444981944445,24.0665843222222,2.41971319444444,10.922
2023-09-08,0.0,10.0917361041667,9.61861110416667,26.0346041666667,50.4251168963216,240.063386111111,24.1554023555556,1.76077361111111,1.524
2023-09-09,0.0,13.9217605633803,8.11471835211268,25.7772676056338,49.1268764064277,120.044863194444,22.3598624555556,1.08726805555555,3.048
2023-09-10,0.0,19.3647887323944,7.28478873239437,25.1540915492958,45.7317842432962,89.5949166666669,21.3402969166667,1.14379444444444,12.446
2023-09-11,0.0,14.7847916875,7.92631946527778,24.7971180555556,43.0907024218702,199.225042361111,21.8989038944444,2.12780972222222,0.254
2023-09-12,0.0,13.4994285714286,9.41457142857143,24.8082928571429,42.9386877768426,170.613270138888,21.6440634722222,1.59563541666667,16.256
2023-09-13,0.0,9.90687496527778,10.76875,24.7299513888889,42.3870859534191,214.366465277777,22.8239779333333,2.31975486111111,0.0
2023-09-14,0.0,10.9681118741259,10.8759440559441,24.6512657342657,42.2200082993126,234.533711111111,20.8728282777778,1.77481666666667,0.0
2023-09-15,0.0,12.7921528055556,11.0065277777778,24.2155763888889,40.0565884230944,246.180624305555,18.1328233888889,2.02910069444444,0.0
2023-09-16,0.0,11.9984027708333,10.9965277777778,23.9909236111111,38.5601710618485,230.980850694445,20.0978935944444,1.41674652777778,0.254
2023-09-17,0.0,18.2029166666667,11.4055555555556,23.380375,34.2078155155796,33.4207055555555,18.8532627388889,1.39730347222222,5.588
2023-09-18,0.0,13.0960839160839,11.2572027972028,22.6156363636364,29.7270441436448,211.350168055556,19.2730708888889,2.84845138888889,0.0
2023-09-19,0.0,13.5881944444444,10.9582638888889,22.3082638888889,29.5425002463657,201.332372916667,19.4215418111111,2.01814722222222,0.0
2023-09-20,0.0,16.1772535211268,11.1049295774648,22.0855281690141,28.7390709251868,216.042099305556,20.55636975,1.50189930555556,0.0
2023-09-21,0.0,16.4273611111111,11.4295833333333,22.2043958333333,29.5698512332538,150.078875694444,20.9596652111111,1.17010833333333,0.0
2023-09-22,0.0,13.8095138888889,11.3225694444444,22.1006458333333,28.5459082246822,182.027748611111,19.1340969722222,1.83943194444445,0.0
2023-09-23,0.0,12.880979020979,11.1851748251748,21.0032097902098,20.3187638895471,44.5426152777776,14.7363611111111,7.86611458333333,25.146
2023-09-24,0.0,13.8558041958042,10.9888811188811,20.2797412587413,18.6465413333616,150.373621527778,19.4977512555556,2.07983472222222,0.254
2023-09-25,0.0,16.3260839160839,10.8944055944056,20.3223566433566,19.592402358973,74.06579375,20.1481489,1.43683472222222,1.524
2023-09-26,0.0,17.6002112676056,11.4750704225352,19.6983169014085,16.7550463381655,57.0731527777778,17.584625,1.11087291666667,1.778
2023-09-27,0.0,14.3834027777778,11.6979861111111,19.2195972222222,14.5991521198442,61.6395874999998,14.8128055555556,1.05316875,0.508
2023-09-28,0.0,13.0792907801418,11.7378873239437,19.0356549295775,14.5584742365336,135.323051388888,15.6098888888889,0.924053472222222,0.0
2023-09-29,0.0,10.6784506760563,11.7166197183099,19.1138309859155,15.3469521475087,208.346391666667,18.82991165,1.76898472222222,0.0
2023-09-30,0.0,9.62422529577465,11.6892957746479,19.6820352112676,19.4401406060931,207.453021527778,21.1249514944444,1.37362638888889,0.0
2023-10-01,0.0,9.58652778472222,11.6960416666667,20.0999375,21.4744643999561,202.686431944445,19.8340697888889,2.13436527777778,0.0
2023-10-02,0.0,8.94056335211268,11.5111971830986,20.3800985915493,21.5035501487137,205.255424305556,20.36426715,1.93755138888889,0.0
2023-10-03,0.0,8.74312056028369,12.0000709219858,20.4778581560284,22.7495868051039,175.899005555556,21.2020005333333,1.43817916666667,0.0
2023-10-04,0.0,6.14464788732394,10.8592957746479,20.8182183098592,22.539348020748,193.122138888889,20.9190173333333,1.55074861111111,0.0
2023-10-05,0.0,6.6246478943662,11.3494366197183,20.7573591549296,22.2988700589396,118.135269444445,18.7985626055556,1.4250625,0.0
2023-10-06,0.0,5.92726618705036,11.2075539568345,20.542582733813,21.7397997924587,147.427145833334,20.4930983333333,1.07182847222222,2.54
2023-10-07,0.0,5.09673611111111,10.7592361180556,20.2465069444444,18.6067281677513,211.695155555555,15.2227596888889,3.00806805555556,0.762
2023-10-08,0.0,6.89302160431655,10.9795683453237,18.3632877697842,10.3514673503651,153.264769444444,13.0686587388889,1.9473625,0.0
2023-10-09,0.0,8.36852113380282,11.0105594405594,17.3857062937063,8.66285155314053,103.288451388889,12.1939311388889,1.61022152777778,4.572
2023-10-10,0.0,9.17464788732394,10.9211267605634,17.0533169014085,8.53047419827043,196.261611805556,14.07365025,1.71887916666667,0.254
2023-10-11,0.0,9.43741258041958,11.0554545454545,16.9464685314685,8.23635326727338,128.977775694444,12.9757937555556,1.83912916666667,0.0
2023-10-12,0.0,7.90013891666667,11.3370833333333,16.5331180555556,7.2946901723987,185.309418749999,15.2963878555556,1.64384930555556,0.0
2023-10-13,0.0,6.32965034965035,11.4351049020979,16.7967272727273,8.46794475263741,183.788279861112,17.7869754833333,1.48338194444444,0.0
2023-10-14,0.0,8.05340277777778,11.6522222222222,16.8015277777778,7.26793317970691,70.3123180555555,16.1759375,1.46715763888889,10.668
2023-10-15,0.0,6.1965034965035,11.5202797202797,16.4826363636364,4.69505409990371,156.98768125,12.9673194444444,3.35886180555556,0.0
2023-10-16,0.0,5.77356643356643,11.2373426573427,15.7928881118881,3.53229100335071,145.740493055555,10.6568888888889,2.91029930555556,0.0
2023-10-17,0.0,6.10818182517483,10.9721678321678,15.2862727272727,3.16587326959943,87.3818055555553,11.4165152777778,3.07650972222222,0.0
2023-10-18,0.0,6.02524476223776,10.8074125874126,14.8581888111888,2.93573072637983,155.367583333334,11.4837854166667,1.35612152777778,0.0
2023-10-19,0.0,6.07090277777778,11.1097222083333,14.7325069444444,2.89162919659565,163.457696527777,13.6694315555556,1.85942291666667,0.0
2023-10-20,0.0,6.77201390277778,11.3199305555556,14.6229930555556,2.48140626444109,42.1005763888887,12.5083333333333,1.18512638888889,4.318
2023-10-21,0.0,5.98027778472222,11.1199305555556,14.2960763888889,0.971183483920372,181.251489583334,13.9643333333333,2.01171666666667,0.0
2023-10-22,0.0,5.79597222916667,10.3079166666667,14.1422083333333,0.373654895578771,139.131275,13.6141458333333,2.85648472222222,0.0
2023-10-23,1.46114679166667,6.78027974125874,10.0593006573427,13.7247972027972,1.16540441973113,175.456381944444,11.2348902777778,2.07048263888889,0.0
2023-10-24,1.95109893055555,6.32992481203008,10.2984210526316,13.5948120300752,1.37245956161025,167.496554166666,12.7283558833333,1.66515902777778,0.0
2023-10-25,1.18474658333333,6.89693429927007,10.5783941605839,13.724197080292,2.02194842098116,167.919690277778,16.4020011555556,1.53361805555556,0.0
2023-10-26,0.124134777777778,7.92639705147059,10.8753676470588,13.9666617647059,2.9851545336918,157.485729166668,18.9010629555556,1.54604027777778,0.0
2023-10-27,0.0,9.78846715328467,11.1523913043478,14.2025434782609,4.55413695865019,147.94723125,19.6600116166667,1.32560138888889,0.0
2023-10-28,0.0,8.94985508695652,11.419347826087,15.1123913043478,9.60821751828842,141.877147222223,22.7280159388889,1.80020833333333,0.0
2023-10-29,0.0,11.8475362173913,11.8054347826087,14.6678115942029,12.6324523871464,153.379447916666,23.3374381166667,1.43558541666667,0.0
2023-10-30,0.0,6.96173912318841,11.7113768115942,17.1665217391304,16.4457488208844,77.7909965277782,19.2961353166667,2.9391375,0.0
2023-10-31,0.0,8.04255472992701,11.8058394160584,15.3905255474453,7.13994729352164,29.7175972222221,10.4833333333333,1.56457986111111,0.508
2023-11-01,57.5683112361111,5.82594202898551,11.6953623188406,13.5555724637681,0.405498851116328,171.493075,4.93505898111111,3.15877916666667,0.0
2023-11-02,79.6544523611111,5.58928572142857,11.5100714285714,12.5120071428571,0.792172271661859,165.143288888889,5.36570245888889,1.3318875,0.0
2023-11-03,74.6351770833333,5.43935714285714,11.5772142857143,11.8788,0.544106050945687,162.928642361111,9.43702808,1.56715347222222,0.0
2023-11-04,75.8359390972222,6.0322695035461,11.5935460992908,11.8074113475177,1.13369673930998,155.28588125,12.1612510555556,1.972125,0.0
2023-11-05,76.6013397222222,5.7785,11.5638571428571,12.3233928571429,1.92119931389128,146.88066388889,15.9240774666667,2.42804444444444,0.0
2023-11-06,73.2462756944444,6.73949998571429,11.7206428571429,11.9183428571429,1.11266022970181,145.378873611111,13.3075588088889,1.74109930555556,0.0
2023-11-07,72.680631875,6.92792856428571,11.77,12.1859142857143,0.849974210149284,108.896047916667,18.9963057722222,1.71694444444444,0.0
2023-11-08,65.9618601388889,7.60628572857143,11.8772142857143,12.25425,1.47665532850116,129.162265972223,17.6697036,1.79805138888889,0.0
2023-11-09,65.2546297222222,7.78878573571429,11.9552857142857,13.0416,3.07305009990205,106.834863888889,20.4300131444444,2.61075972222222,0.0
2023-11-10,61.7275636111111,9.40161967605634,12.1104929577465,13.2564225352113,3.75968438884144,16.5931069444445,13.8594488533333,1.84919305555556,0.0
2023-11-11,49.7657202083333,9.1718439787234,12.1020567375887,12.6263120567376,1.98759666736038,129.284888194444,10.34010677,1.78194861111111,0.0
2023-11-12,41.5373045138889,6.99758864539007,12.0203546099291,11.9809787234043,0.605024295808897,143.994025694444,9.93563015222222,1.34577986111111,0.0
2023-11-13,82.32965875,7.48014182978723,11.9131914893617,11.7238439716312,0.580322737091022,137.782771527779,11.3492843977778,1.42695763888889,0.0
2023-11-14,87.8869044444444,8.52934779710145,11.9263768115942,11.6407101449275,0.541064219457564,127.719136805555,12.6449774866667,2.38517986111111,0.0
2023-11-15,85.2918126388889,7.72387325352113,12.0121830985915,11.1574014084507,0.269171621062437,92.056457638889,11.7594108844444,1.48338402777778,0.0
2023-11-16,85.2706000694444,7.47907142142857,12.0478571428571,10.8205428571429,0.365715534034709,128.737211111111,12.5409165344444,1.77156944444444,0.0
2023-11-17,83.4875370833333,9.77251796402878,12.066618705036,10.882071942446,0.617474545601033,101.889130555555,15.0413429777778,1.74913402777778,1.27
2023-11-18,88.5730893055556,9.55539006382979,12.0624113475177,11.3999929078014,0.309728490146254,130.173464583333,13.9271173611111,3.22410277777778,0.0
2023-11-19,89.57462375,9.94283686524823,12.0463829787234,11.1278510638298,0.777698106591034,135.808182638889,9.74410037,2.15342083333333,0.0
2023-11-20,84.067720625,8.37631206382979,12.0649645390071,10.5236170212766,0.255922388718964,85.9449347222222,10.17828155,1.60234027777778,0.0
2023-11-21,88.8048208333333,8.57560285106383,12.0282269503546,10.115609929078,0.0368957586363892,8.75928263888884,8.27431413333333,1.65651458333333,52.0699999999999
2023-11-22,92.2767802777778,7.33482270921986,11.9914184397163,9.90447520567376,0.0676064875355728,71.0838256944445,10.8686747555556,3.0355875,0.0
2023-11-23,92.9625800694444,8.63567370212766,12.0643971631206,9.55404258865248,0.465329239329548,129.456209027778,9.53579027777778,2.35333472222222,0.0
2023-11-24,85.6957222222222,8.00417265467626,12.1678417266187,9.33408636690647,0.670318925477455,98.8432048611111,8.73394040666667,1.79860902777778,0.0
2023-11-25,86.1461199305556,5.74042857142857,12.3728571428571,8.97129282857143,0.222556696585054,46.8267631944448,4.11218819444445,1.18499236111111,0.0
2023-11-26,89.9291775,6.27219858156028,12.4723404255319,8.48759578723404,0.189989129909976,124.769854166667,4.47185647444444,1.49029861111111,0.0
2023-11-27,93.8190779166667,6.81283687943262,12.4490070921986,7.99338296453901,0.0235945487829424,106.724768750001,6.43366319444444,2.87541180555556,0.0
2023-11-28,95.3380770833333,7.76893616312057,12.5170212765957,7.11919858156028,0.0430707747753864,112.852147916667,2.85475694444445,2.26556319444444,0.0
2023-11-29,94.0893569444444,8.97120565248227,12.5897872340426,6.45929078014184,0.110668901839797,123.962109027777,1.60935437444444,1.78520833333333,0.0
2023-11-30,93.247029375,8.74907802836879,12.6466666666667,6.18951773049645,0.19636049304541,118.201529166666,7.56727738444445,1.67870416666667,0.0
2023-12-01,92.4759923611111,9.07092858571429,12.7235,5.93161428571429,0.0391220318879422,13.8399097222223,8.52500238666667,1.56521180555556,1.524
2023-12-02,92.34107125,10.0525532198582,12.6926241134752,6.15697163120567,0.175077124485038,52.2061854166667,14.4327639777778,1.513825,4.318
2023-12-03,92.8409554861111,10.2646428642857,12.6693571428571,6.73422142857143,0.178824078131482,80.7157812499999,16.8052857722222,1.92810625,6.858
2023-12-04,95.93976625,12.0101428357143,12.6515714285714,7.14881428571429,0.116447885864162,96.1926062500003,11.7646725666667,1.94307638888889,0.0
2023-12-05,96.910856875,11.60464285,12.7070714285714,7.0416,0.384830604275147,104.159963888889,9.11463207888889,1.55224305555556,0.762
2023-12-06,99.1563541666667,9.83362316666667,12.7671739130435,6.72328260869565,0.0639004084257536,116.094581944444,7.95500978222222,2.76531319444444,0.0
2023-12-07,99.4258578472222,10.4199999928571,12.8696428571429,6.27775,0.0511539562651544,108.345424305556,8.08359077333334,2.12982847222222,0.0
2023-12-08,98.2150527083333,11.0155633802817,13.0255633802817,6.09305633802817,0.0827827069127922,106.005637500001,11.4702816066667,2.28675763888889,0.0
2023-12-09,97.7110395138889,11.1390070780142,13.1314893617021,5.96878723404255,0.0768799394386639,42.0866625,10.7438480677778,1.87377361111111,2.286
2023-12-10,97.7525291666667,11.0148936241135,13.1022695035461,6.35396453900709,0.129205269985554,13.0315423611111,13.4770394,3.10566041666667,58.1659999999998
2023-12-11,99.6503728472222,10.9763829574468,13.3448226950355,6.1086170212766,0.0156619627823306,99.7078166666666,4.55463916888889,3.71146527777778,0.254
2023-12-12,98.6843749305555,11.2107194388489,13.6571942446043,5.69839568345324,0.163231477514302,116.040529861112,4.81344145444444,2.57164791666667,0.0
2023-12-13,100.505804236111,11.5294285571429,13.849,5.56677857142857,0.026247684450039,106.335127777778,8.89566480444444,2.35095486111111,0.0
2023-12-14,99.3766103472222,9.97822695035461,14.0689361702128,5.48106382978723,0.105555677344779,114.821730555555,6.06800966333334,1.88167013888889,0.0
2023-12-15,99.4376208333333,10.2586231594203,14.2202898550725,5.30813768115942,0.145851284017003,114.063600694444,7.96979925333333,2.54564652777778,0.0
2023-12-16,98.5878084722222,9.15913669784173,14.3669064748201,5.11707194244604,0.0506501207076556,88.3605055555555,8.42190413666667,1.74412222222222,0.0
2023-12-17,97.8278433333333,9.58695037588653,14.4864539007092,5.02629787234043,0.0217936214421805,9.67751736111106,10.0466397,2.29458333333333,23.114
2023-12-18,100.613684027778,9.67489054014599,14.3605839416058,5.21409489051095,0.0073123501942159,107.395809722222,8.67197425444444,3.40212291666667,0.254
2023-12-19,100.527716666667,9.5831915035461,14.47,4.63786524822695,0.0051200736154473,121.438088888888,1.50158901555556,3.19288680555556,0.0
2023-12-20,100.310142361111,9.44182483941606,14.594598540146,4.11696350364964,0.0038019074516669,107.278341666667,3.72394761666667,2.1805125,0.0
2023-12-21,100.334267361111,7.889,14.6081428571429,4.21422857142857,0.0134629105064032,99.0314888888885,7.54938560222222,1.91496736111111,0.0
2023-12-22,100.472317638889,7.52432624113475,14.6948936170213,4.2378085106383,0.0149978859595924,109.962383333334,8.28270441222222,1.40246875,0.0
2023-12-23,98.6668897222222,8.91822697163121,14.729219858156,4.14760992907801,0.0089944495480444,100.213197916667,8.02702211666667,1.40439861111111,0.0
2023-12-24,100.972882916667,9.28764282142857,14.6792857142857,4.36391428571429,0.0212652763216485,106.846482638889,10.5520502011111,1.80862777777778,0.0
2023-12-25,100.166120277778,9.60585715,14.6485,4.58155714285714,0.0426204257332207,46.0981166666666,11.1735856944444,1.35318819444444,2.032
2023-12-26,98.3921590277778,11.0219148865248,14.6570921985816,4.66825531914894,0.0510176713917388,12.7434361111111,11.7345069444444,1.14180486111111,15.748
2023-12-27,96.5557920138889,10.0378873169014,14.5527464788732,5.20682394366197,0.155945550163214,48.8946305555555,13.0908710166667,1.54185416666667,15.748
2023-12-28,102.215835277778,8.06524826950355,14.4583687943262,5.96769503546099,0.104155999455435,104.90526875,9.78384935333333,2.74161111111111,0.0
2023-12-29,104.209727777778,10.7633333475177,14.5366666666667,5.6128085106383,0.024248854330949,26.7382743055556,7.49583545111111,3.09920694444444,0.0
2023-12-30,103.206058333333,11.2652142642857,14.6445,5.09494285714286,0.0125978721880004,44.2111201388887,7.03121643,1.92876319444444,0.0
2023-12-31,101.957925694444,9.7922695035461,14.6479432624113,4.8888085106383,0.0507791859674036,102.505420138888,6.03576549333333,1.55582291666667,0.0
2024-01-01,102.989430555556,9.54248228368794,14.633829787234,4.7399219858156,0.0127904087522932,94.1139034722224,4.72073218222222,3.58662361111111,0.0
2024-01-02,102.6390125,10.1858992877698,14.6511510791367,4.21663309352518,0.0019761229506772,117.917145833333,4.53003926111111,4.27301944444444,0.0
2024-01-03,101.963211111111,9.83485716428571,14.674,3.94447142857143,0.0002546085178171,95.753019444444,4.81468472222222,2.38650138888889,0.0
2024-01-04,102.751340277778,9.58049999285714,14.6375714285714,3.84862857142857,-0.0008159299214607,86.2465673611111,2.00092291666667,3.69355347222222,3.048
2024-01-05,100.54763125,8.13942855714286,14.7112142857143,3.37595714285714,0.0204463219724613,107.940121527778,0.452372222222222,1.58768333333333,0.0
2024-01-06,99.0465006944444,9.99728569285714,14.6595714285714,3.54864285714286,0.007429521452621,28.3619451388888,1.11984722222222,1.65745347222222,13.208
2024-01-07,101.925019444444,8.17595741134752,14.5909219858156,3.3448865248227,-0.0059715247422437,96.4083722222229,6.400075,2.56173472222222,0.0
2024-01-08,101.28779375,8.36085105673759,14.5439716312057,3.27382978723404,-0.0082192814710065,124.253833333333,4.31338582666667,2.05430763888889,0.0
2024-01-09,100.296012916667,10.6901418510638,14.4834042553191,3.37251773049645,0.0034827805505966,11.6599493055556,6.37294424777778,1.82798125,54.6099999999999
2024-01-10,100.993382638889,9.27407141428571,14.4295,3.30339285714286,-0.0037621003911489,45.9167819444443,6.09618194444444,2.99756736111111,0.0
2024-01-11,100.507827083333,9.3014286,14.5001428571429,3.03147142857143,-0.0091494107749985,123.952092361111,7.49224839444444,2.03112083333333,0.0
2024-01-12,99.5315304166667,8.48485712857143,14.5260714285714,3.11193571428571,0.0189056459860416,72.7843187499999,5.09161292222223,2.18644652777778,8.88999999999999
2024-01-13,100.143685763889,7.63042553900709,14.4662411347518,3.18681560283688,-0.0049485276618059,125.349629166666,4.73477222222222,2.59372847222222,0.0
2024-01-14,100.343432638889,7.79971426428571,14.4945714285714,2.83967857142857,-0.0062605694948273,122.689636805556,2.24012777777778,3.29495138888889,0.0
2024-01-15,98.9636506944444,7.65503599280576,14.5369784172662,2.85438848920863,0.019048315712054,28.3883326388888,-1.75612013888889,1.22813680555556,0.0
2024-01-16,97.8672149305556,6.91723405673759,14.5475886524823,2.48512765957447,0.0323941738461918,70.6236798611113,-3.98886666666667,3.16309166666667,0.0
2024-01-17,98.1309811111111,6.53237407913669,14.6320143884892,1.31294964028777,0.0084279861891159,137.533361805556,-7.47708819444444,3.21573402777778,0.0
2024-01-18,97.6481958333333,5.9317143,14.7105714285714,1.12949285714286,0.791876535757187,79.7432097222222,-1.31796875,1.42691388888889,1.524
2024-01-19,96.979543125,5.79028572142857,14.6404285714286,1.27130714285714,0.320759117240484,85.8637826388892,-0.0521298611111101,1.95957361111111,0.508
2024-01-20,98.339466875,4.94093525179856,14.5861870503597,0.765755395683453,-0.0016705005121304,133.750490972223,-7.26910208333333,4.11230694444444,0.0
2024-01-21,98.0640100694444,4.70471428571429,14.5785,0.280764285714286,0.284031477483999,140.914323611111,-5.73453541666667,4.4745625,0.0
2024-01-22,96.8174899305556,4.42764285714286,14.613,0.948642857142857,0.530402105488651,134.512510416667,-1.77414236111111,1.79607013888889,0.0
2024-01-23,81.0021410416667,4.89007142142857,14.6312857142857,1.13196428571429,0.440843902048137,70.2989715277781,4.52821975222222,1.51978819444444,0.0
2024-01-24,52.8275763888889,6.67482268794326,14.6620567375887,1.27685106382979,0.453229933301383,31.4762680555555,9.66314652777777,1.43424930555556,4.572
2024-01-25,42.548410625,5.76065218115942,14.6202898550725,1.66602173913043,0.277155011999146,30.6710034722222,14.6440486111111,1.50470694444445,3.302
2024-01-26,70.9710663194444,4.84471428571429,14.4216428571429,2.42568571428571,-0.0269200452661098,130.181729861111,16.2606597222222,1.72141388888889,4.826
2024-01-27,100.42301,5.79459854014599,14.1721167883212,2.86575182481752,-0.0160931909427702,76.8854284722222,11.6343319444444,1.83143819444444,17.018
2024-01-28,102.402363194444,5.80649999285714,13.9114285714286,3.40012857142857,-0.0005099074290759,40.9712430555556,6.98592013888889,2.01026319444444,18.034
2024-01-29,102.835580555556,5.52028571428571,13.7183571428571,3.54817142857143,-0.0037404022715397,139.716952777777,4.19282916666667,5.12045416666667,0.0
2024-01-30,100.686011597222,6.51633802816901,13.8126056338028,3.44647887323944,-0.0041772938386742,100.150159027778,2.56761041666667,1.81488194444444,0.0
2024-01-31,98.7653621527778,6.77971631205674,13.7616312056738,3.64199290780142,-0.0047849706072518,70.1275951388889,5.39236805555556,1.24554166666667,0.762
2024-02-01,102.280452083333,6.6099999929078,13.6701418439716,3.73627659574468,-0.0046156387454651,152.876725,7.32622575222223,1.93543472222222,0.0
2024-02-02,103.261092361111,6.74733815107914,13.5546043165468,4.12014388489209,0.0028792844325562,124.353554166667,9.38058382,2.52567986111111,0.0
2024-02-03,102.202654166667,7.38414282142857,13.4771428571429,4.40058571428571,0.0305510386082855,158.043657638889,4.56129193777778,1.99297083333333,0.0
2024-02-04,99.7882676388889,7.4376258705036,13.4923741007194,4.43061870503597,0.033496110152085,155.63351875,4.99715819,1.85145694444444,0.0
2024-02-05,101.356926388889,8.46232391549296,13.5704225352113,4.22609154929577,0.0265313978170299,159.484869444445,6.80618895222222,1.62885833333333,0.0
2024-02-06,102.104667708333,8.31850000714286,13.3918571428571,4.54181428571429,0.0433832149772327,166.33209375,4.80773901555555,1.94886527777778,0.0
2024-02-07,102.004319444444,8.71079136690648,13.2128057553957,4.90146762589928,0.17408702210732,165.166097222222,4.12374627333334,1.54465625,0.0
2024-02-08,99.8342140277778,9.04007142142857,13.2556428571429,4.81860714285714,0.124109790583309,143.532255555556,7.97568340555556,1.83329444444444,0.0
2024-02-09,102.780957638889,9.63617022695035,13.2119858156028,5.01158865248227,0.0971695630399999,74.8884902777777,11.7057348444444,1.62442361111111,0.0
2024-02-10,102.832057638889,10.2647887183099,13.0638028169014,5.71185211267606,0.127917598094897,38.8198166666667,14.1134250722222,1.56725069444444,3.302
2024-02-11,100.482825416667,9.07936171631206,13.1301418439716,5.79639007092199,0.67960773822664,35.1723881944443,11.4606805555556,1.30268125,12.192
2024-02-12,96.9922493055556,7.55228571428571,13.2830714285714,5.50084285714286,0.406333615454398,21.2274423611112,9.87515972222222,1.10042708333333,4.064
2024-02-13,103.428539305556,7.60985612230216,12.9204285714286,6.0328,0.0320176445160139,180.708796527778,7.9067875,3.05244861111111,18.542
2024-02-14,104.043958333333,8.88850001428571,12.9008571428571,6.1568,0.0283433534624112,115.553540972223,7.78705645222222,1.895625,0.0
2024-02-15,102.989509027778,10.0865248014184,12.9353191489362,6.19260992907801,0.0746079885125855,152.832066666666,8.27655694444444,1.75991111111111,0.0
2024-02-16,102.793457638889,9.38570423943662,12.8795070422535,6.25430985915493,0.0970678868353707,97.011465277778,8.17400069444444,0.819512500000003,0.0
2024-02-17,103.044201388889,8.51929075177305,12.8712765957447,6.04270212765957,0.0323455825491732,187.094772916667,2.50994166666667,2.82846180555556,0.0
2024-02-18,102.026933333333,8.5513475035461,12.9149645390071,5.54459574468085,0.0238457933840448,171.838091666667,1.90196597222222,2.51999722222222,0.0
2024-02-19,99.9891304166667,8.37056,12.88648,5.501592,0.251209927366945,183.237279166667,5.89681412888889,2.10891111111111,0.0
2024-02-20,98.0043056944444,9.00249998571429,13.0582142857143,5.2179,0.104574025534122,168.521783333334,5.04708667111111,1.41277430555556,0.0
2024-02-21,98.1598832638889,8.73418439716312,13.0502127659574,5.21440425531915,0.0629011945982719,181.369445833333,5.98379474888889,1.05287291666667,0.0
2024-02-22,96.7684916666667,8.89253522535211,12.9954225352113,5.33243661971831,0.138971604241441,122.177772916667,10.4600592666667,1.63072638888889,0.0
2024-02-23,98.9425013194444,8.48850000714286,12.6752482269504,6.30263120567376,0.18403814073648,63.9087708333335,10.4217277777778,1.59213958333333,0.508
2024-02-24,99.3079752083333,8.66702131205674,12.6705673758865,6.32946808510638,0.0965346104299183,65.7307965277782,6.48476875,2.08659444444445,0.254
2024-02-25,99.8617627777778,9.44692857142857,12.8233571428571,5.72478571428571,0.0960706234578644,195.959941666667,2.76855416666667,1.53925138888888,0.0
2024-02-26,98.1102666666667,7.91557143571429,12.7508571428571,5.93282857142857,0.232463990577352,113.556356944444,10.6472451388889,1.58434375,0.762
2024-02-27,96.1605596527778,8.15669016901408,12.837676056338,5.89806338028169,0.196445742300994,24.59075625,9.65211041666667,1.65275486111111,2.286
2024-02-28,96.5497336805556,9.08323741726619,12.7065,6.38271428571429,0.241589525569417,31.8022756944444,12.8580944444444,2.63691388888889,11.176
2024-02-29,100.925170833333,7.63970803649635,12.5332846715328,6.51070072992701,0.057985455684365,204.622645138889,3.05163402777778,2.12794652777778,0.0
2024-03-01,98.8265988888889,8.49457142142857,12.6150714285714,6.37695,0.0983610588305701,90.2240131944444,3.72204166666667,1.51801111111111,8.88999999999999
2024-03-02,96.3491709722222,7.87482015107914,12.5195683453237,6.67048201438849,0.930679932620369,198.802767361111,9.946775,1.06443333333333,7.36599999999999
2024-03-03,94.993616875,7.86936170212766,12.6296453900709,6.57771631205674,1.23316114764746,80.7612513888888,10.1657048611111,0.433112500000002,0.0
2024-03-04,92.7768695833333,8.24249999285714,12.632,6.79464285714286,1.67100947932254,143.646033333334,13.0221722222222,0.707975000000002,0.0
2024-03-05,91.8619278472222,8.89007192086331,12.4956115107914,7.97251077697842,3.80869407011373,184.341609027778,15.2584277777778,1.42368125,0.0
2024-03-06,92.0635163194444,12.7702127588652,12.4690070921986,8.66937587234043,4.44793591093469,48.866225,13.2270625,0.954920833333333,6.858
2024-03-07,87.4293994444444,6.41177304255319,12.0475886524823,10.8958865177305,9.48900789728004,171.72855,14.9810555555556,1.25888402777778,0.254
2024-03-08,84.3679761805556,16.5306428285714,12.5,9.37104286428571,5.70852630293354,95.989985416667,12.4139583333333,1.44864166666667,1.016
2024-03-09,82.3937256944444,16.4200714214286,12.4602142857143,9.28117856428571,4.73268075523699,46.5042631944443,8.38199791666667,1.48526875,16.256
2024-03-10,86.1062975694445,6.73836881560284,11.9760992907801,10.0211773546099,1.94203879169798,201.370686805556,5.44896041666667,2.78340555555556,0.0
2024-03-11,99.9469608333333,6.9896402733813,11.9580575539568,8.6443668705036,0.203095595907333,233.887074305554,6.55076805555556,2.79162638888889,0.0
2024-03-12,98.9117313194444,7.06631206382979,11.9733333333333,8.69968795744681,0.807705099253413,232.229206944445,13.0494427555556,3.01230069444445,0.0
2024-03-13,94.450544375,7.59588655319149,11.8878014184397,9.33249642553191,2.99387175615188,220.741445833332,14.7794923611111,2.37851041666667,0.0
2024-03-14,88.9076244444445,8.51857143571429,11.9404285714286,9.99720711428571,4.86452677386521,217.276590277778,17.1506282333333,1.843375,0.0
2024-03-15,85.7515376388889,11.2271830985915,11.8793661971831,11.3821056338028,7.98445049034626,67.4951965277781,18.6607315666667,1.81547638888889,0.254
2024-03-16,81.050700625,13.3150359856115,11.958345323741,11.717841733813,9.98550186731865,242.437201388889,15.4123646055556,2.04614583333333,0.0
2024-03-17,80.5070301388889,10.1003571357143,11.7110638297872,12.3437517730496,10.5176079383241,176.569243750001,16.9158671944444,2.63467708333333,0.0
2024-03-18,77.3327884027778,10.9144999714286,11.7615,11.3835214285714,5.55770312941035,189.209509027778,5.68147777777778,2.84112361111111,0.0
2024-03-19,76.1515378472222,11.0904285714286,11.8248936170213,10.3039007092199,2.87579293737461,250.050924305555,5.35262417888889,2.24157222222222,0.0
2024-03-20,77.7077926388889,11.4445714357143,11.8458156028369,9.83336875177305,0.564882928770892,219.646104861111,14.2939078888889,2.50221458333333,0.0
2024-03-21,77.062766875,12.9891428714286,11.7942957746479,10.089584528169,2.13819785618274,249.138742361111,9.60727230555556,2.09014097222222,0.0
2024-03-22,76.875876875,14.1103571571429,12.0409219858156,9.50782980851064,1.30512458322973,139.918373611111,8.64038402777778,1.46879166666667,6.096
2024-03-23,84.1010219444444,14.7214285785714,11.9003571428571,9.89345713571429,0.331519503978996,153.560238888889,9.98631944444444,4.65088125,17.272
2024-03-24,97.2041809722222,16.4397163120567,11.9898581560284,9.41314891489362,0.705999570399055,259.218235416666,5.56620416666666,2.25357986111111,0.0
2024-03-25,88.5106289583333,16.0990714285714,12.1415602836879,9.29444674468085,0.881066348256216,251.572254166667,7.09890902777778,1.42594652777778,0.0
2024-03-26,83.5645221527778,16.6784057971014,12.1963571428571,9.43114999285714,1.07473391541943,68.4023055555556,6.99368888888889,0.776996527777776,2.032
2024-03-27,68.541229375,17.6941428642857,12.2103571428571,9.56677141428571,1.35168700024619,62.5455701388888,9.21758055555556,0.524488888888888,3.81
2024-03-28,88.4583625,15.6384285642857,12.1043971631206,10.1400992765957,0.429571698378177,257.881682638889,10.3852569444444,2.52822152777778,0.0
2024-03-29,101.156196666667,14.6349999571429,12.0060714285714,10.2123571785714,0.0657095477883065,238.282313888888,13.6116416666667,2.09316875,0.0
2024-03-30,96.9786582638889,13.311231884058,11.9862857142857,10.9027142857143,2.35727902026685,217.028952777777,16.8299624777778,1.58449722222222,0.0
2024-03-31,83.8678693055556,15.2275539784173,12.0094964028777,11.6551510791367,5.82718582207677,135.960295138889,17.5816805555556,1.77164791666667,3.556
2024-04-01,69.4495894444444,16.456796875,11.933125,12.5302265625,8.99671272656482,181.127020138889,19.2780404333333,1.53942222222222,3.556
2024-04-02,67.7297638194444,,,,9.10692422044592,106.875903472222,16.9913680555556,0.9043875,0.0
2024-04-03,63.2797516666667,,,,12.203217300532,162.828027777777,13.8450840277778,1.30026111111111,25.146
2024-04-04,54.5707213194444,,,,10.1610735675265,198.935205555555,6.56934791666667,2.10528263888889,0.254
2024-04-05,49.8805842446043,7.29548781707317,12.0339024390244,11.8798902439024,3.6175210754154,186.693151388889,5.78006944444444,2.69602291666667,0.0
2024-04-06,47.5999054166667,6.01347517730496,12.2146808510638,11.3137021276596,1.11679338319649,256.086602083333,6.50212708333333,3.70582083333333,0.0
2024-04-07,37.6395377777778,6.29107145,12.2967857142857,11.4229928571429,3.71380048404615,284.437715277779,10.4030569444444,2.22458263888889,0.0
2024-04-08,41.1356363194444,9.39678573571429,12.5977857142857,11.5037285714286,4.70256846478047,96.9654611111112,13.1564469,1.45407152777778,0.0
2024-04-09,34.0379940277778,4.73099999285714,12.3639285714286,12.5286785714286,7.23086539910909,82.8859458333336,15.6993903388889,1.59105416666667,0.508
2024-04-10,28.5004461111111,8.44858154609929,13.0578014184397,12.3130567375887,6.71667583231509,129.340726388889,16.4693333333333,1.55497013888889,0.0
2024-04-11,32.3356384027778,12.5575000357143,13.0207142857143,12.0250357142857,5.90121361194739,19.7381361111111,16.8090277777778,3.07248611111111,33.274
2024-04-12,48.9867952083333,7.22780144680851,12.5001418439716,12.8584539007092,5.02089533760051,143.410640277778,12.776125,3.22026666666667,0.508
2024-04-13,59.0304525,5.95536231884058,12.5060144927536,12.2591304347826,1.36331760552716,287.597412499999,14.2970972222222,2.33725555555556,0.0
2024-04-14,58.2698351388889,5.33623188405797,12.390652173913,13.2222898550725,6.53158818951789,279.481642361112,19.9247824666667,2.25685833333333,0.0
2024-04-15,53.3966276388889,5.02816902112676,12.4142253521127,14.2712957746479,13.1348812575417,271.486325694446,24.4457255333333,2.06478194444444,0.0
2024-04-16,42.3354182638889,5.98179856115108,12.9698561151079,14.3988848920863,13.7320349128444,217.788624305556,20.5755487722222,1.57604861111111,0.0
2024-04-17,29.4704102777778,7.05719425179856,13.0320863309353,15.2749496402878,16.600960938438,133.108308333333,20.8560715777778,1.51412152777778,0.0
2024-04-18,16.0588230069444,4.82198581560284,12.0928368794326,17.4385886524823,24.6287396504183,290.940184027779,22.04195905,2.37004305555556,0.0
2024-04-19,4.64964859722222,7.07602836170213,13.1994326241135,16.0484609929078,19.5950303896593,136.250545833334,16.2971700222222,1.28715486111111,0.508
2024-04-20,0.280664548611111,5.71418439716312,12.158085106383,17.5416595744681,25.8912657881284,212.830250000001,16.3267708333333,2.08639236111111,0.0
2024-04-21,0.0,7.68560283687943,12.7539716312057,16.2828510638298,19.8281339243087,102.611377083334,9.56462222222222,2.03570347222222,0.254
2024-04-22,0.0,7.27107145,12.814,15.4873214285714,16.4426286902344,308.463129861112,9.36735763888889,2.83814861111111,0.0
2024-04-23,0.0,7.28262409219858,13.1328368794326,15.2889007092199,15.7052110009888,304.603402777777,13.6966993055556,1.93942777777778,0.0
2024-04-24,0.0,6.32730495744681,12.6181560283688,16.3059219858156,19.5416627451149,227.57066875,17.0104959777778,2.09274444444444,0.0
2024-04-25,0.0,7.64468086524823,13.0724113475177,15.8944184397163,18.059340622411,307.415797222223,14.8132708333333,1.80671527777778,0.0
2024-04-26,0.0,8.75985717857143,13.5767142857143,15.3227357142857,15.3596452257623,157.546206944444,12.8376527777778,1.37562152777778,0.0
2024-04-27,0.0,8.90633797887324,13.5211267605634,15.6428661971831,16.9140844708923,250.690258333334,15.7439236111111,1.60970208333333,0.0
2024-04-28,0.0,6.8216666884058,13.3294927536232,16.8790507246377,23.603716432896,291.840565277778,20.3225,1.50301805555556,0.0
2024-04-29,0.0,6.85439717021277,13.6044680851064,17.9940354609929,29.9253295031859,297.094052777779,21.9650138888889,1.72187152777778,0.0
2024-04-30,0.0,9.02683456834532,14.2434532374101,18.452618705036,33.2258087814324,154.509673611112,19.3633837388889,1.38846597222222,1.524
2024-05-01,0.0,6.35378571428571,13.601,19.4863357142857,40.4078319885045,305.772309027779,20.1522430555556,2.13021388888889,0.254
2024-05-02,0.0,7.99302816901408,14.8392253521127,19.8422605633803,40.8487733817337,308.901810416667,22.3087430555556,1.82142638888889,0.0
2024-05-03,0.0,10.0418705179856,16.318417266187,19.9374244604317,43.9552859234567,204.78123888889,23.1357643166667,1.54489027777778,0.0
2024-05-04,0.0,10.4209999928571,17.1905714285714,19.0226,35.1772438736009,38.6174520833332,14.632875,1.21460347222222,4.826
2024-05-05,0.0,11.340992893617,15.3500709219858,19.0725957446809,34.1277800526105,98.7044694444444,15.9502430555556,0.798082638888889,3.048
2024-05-06,0.0,13.4028244198473,14.9045038167939,19.4637251908397,36.5593223220711,138.029226388889,19.8928333333333,1.0296375,19.304
2024-05-07,0.0,13.3917021205674,14.5373758865248,20.1224255319149,41.511427345871,246.18791875,21.2158125,1.91295833333333,0.762
2024-05-08,0.0,13.7181428571429,14.7185714285714,21.1461571428571,47.5641460745398,186.363275,23.0620816944444,1.48329861111111,0.0
2024-05-09,0.0,14.9731914893617,15.1499290780142,21.1242482269504,46.6106366435141,196.846331249999,20.8824610333333,1.38895694444444,0.508
2024-05-10,0.0,13.5162857142857,14.0002142857143,21.1182357142857,45.5899385173156,192.262133333333,18.2376666666667,2.40678888888889,0.0
2024-05-11,0.0,14.5752143071429,13.9049285714286,20.1475428571429,39.3756582510188,229.637145833334,14.6303350277778,1.81488055555556,1.27
2024-05-12,0.0,13.9919424388489,14.0495683453237,19.9841151079137,38.5421341843891,323.644429166665,15.7675810833333,1.78322708333333,0.254
2024-05-13,0.0,16.7789285714286,14.5534285714286,19.5869142857143,36.3994195941104,255.781416666667,17.6590143944444,1.71541527777778,0.0
2024-05-14,0.0,17.5249999859155,15.5028169014085,18.9075281690141,33.3570962448743,26.8350861111111,17.2234236111111,1.43109722222222,13.97
2024-05-15,0.0,20.0078571428571,15.1090714285714,18.8136571428571,32.5683503837695,126.808057638889,18.4559437333333,0.921148611111111,11.43
2024-05-16,0.0,17.0187143,14.8211428571429,19.5133142857143,41.32923910845,242.983997222221,20.5153680555556,1.35029166666667,3.556
2024-05-17,0.0,20.6235460992908,16.0424822695035,19.4014468085106,37.0312468640845,101.898745138889,18.9438472222222,1.1171125,8.88999999999999
2024-05-18,0.0,20.5114893617021,16.1905673758865,19.3428156028369,35.4177623918049,135.255902083333,18.4824097222222,1.42674375,14.224
2024-05-19,0.0,21.0492907801418,15.6302836879433,20.0105319148936,38.7968311476019,232.004401388888,18.5151597222222,1.11594166666667,0.0
2024-05-20,0.0,20.7147482014388,15.4092086330935,20.7345755395683,44.1556424806148,268.955115277778,20.2990138888889,0.989420833333334,0.0
2024-05-21,0.0,19.5935,16.6549285714286,21.0061928571429,48.3894899392031,322.654603472222,21.8689271166667,1.23273333333333,0.0
2024-05-22,0.0,18.7374468085106,16.9794326241135,21.5553971631206,54.3098726953346,262.297672222222,23.1323827333333,1.41014791666667,1.524
2024-05-23,0.0,18.1657446808511,16.0132624113475,23.0093475177305,59.5491150654371,214.431015277778,23.3492208166667,1.33081527777778,9.39799999999999
2024-05-24,0.0,18.9719285714286,17.7067142857143,22.5975142857143,60.6435531442598,255.504425,22.52708285,1.87024930555556,0.0
2024-05-25,0.0,17.3652112676056,18.8919014084507,22.594514084507,61.3892045272202,228.019968750001,22.3858450222222,1.51418333333333,5.08
2024-05-26,0.0,17.5021428642857,15.7052857142857,23.6279,61.2974448624012,268.535002083333,23.0778662555556,2.07413055555556,18.542
2024-05-27,0.0,20.2443262340426,15.0252482269504,23.7395602836879,62.7735363950869,255.162515972222,22.87128695,1.43741458333333,0.508
2024-05-28,0.0,18.5315,13.3402857142857,24.4788071428571,64.5962928416126,238.572925,22.0959972555556,1.59364236111111,0.0
2024-05-29,0.0,17.7554676402878,12.8017985611511,24.2866043165468,64.4397687666067,309.272306944443,21.6081481611111,1.9857625,0.0
2024-05-30,0.0,16.4622695106383,12.6216312056738,23.4338581560284,59.127370067125,302.761458333333,20.2266658388889,2.11358680555556,0.0
2024-05-31,0.0,19.2618309859155,13.3880281690141,22.0253732394366,52.2407481864092,344.588263194446,17.7439886166667,2.18251180555556,0.0
2024-06-01,0.0,20.6668571428571,13.9997142857143,21.6943,49.9206736724437,303.380261805556,19.6629959722222,1.57077569444444,0.0
2024-06-02,0.0,17.2786428714286,14.305,21.6771,48.356235671004,114.384397222222,20.5574056833333,1.09097847222222,0.0
2024-06-03,0.0,19.5863571428571,13.8797857142857,21.8748285714286,52.7820158146585,228.155174305556,22.2120440334262,1.20894097222222,0.0
2024-06-04,0.0,17.2885,14.6641428571429,21.8694071428571,53.5945136893814,217.24424513889,20.7494236111111,1.04665069444444,4.572
2024-06-05,0.0,16.389219858156,14.9558865248227,22.049170212766,53.785117899959,186.095731944445,21.1794027777778,1.18279097222222,1.016
2024-06-06,0.0,14.9170714214286,14.7542857142857,22.6543714285714,61.945657397598,183.3738875,21.8887638888889,1.29162916666667,0.254
2024-06-07,0.0,16.4072340567376,12.6995744680851,24.9841063829787,67.3468337770593,340.784213194444,21.9443819444444,1.90188819444444,0.0
2024-06-08,0.0,11.5043571285714,14.1209285714286,23.6024714285714,65.209493800773,314.167303472224,20.354375,1.70149236111111,0.0
2024-06-09,0.0,10.5401418297872,13.2126241134752,24.5307304964539,66.8846401952144,253.150268749999,22.2775416666667,1.96114513888889,0.0
2024-06-10,0.0,8.35794326241135,13.3163120567376,24.0111631205674,62.5688584894503,191.049460416667,19.0390555555556,1.79185138888889,0.0
2024-06-11,0.0,5.15921985815603,13.7690070921986,23.1921134751773,61.4025664252238,305.373754861112,17.6001180555556,2.15835208333333,0.0
2024-06-12,0.0,5.6568085177305,14.7960283687943,22.7674609929078,56.9977535052955,280.528808333333,19.6681527777778,1.21114861111111,0.0
2024-06-13,0.0,8.32687946099291,15.2663120567376,22.8761773049645,59.7809082444273,205.284088194445,21.7334861111111,1.04924236111111,0.0
2024-06-14,0.0,5.33156029078014,14.8090780141844,23.709524822695,67.9008799043604,241.991268055555,23.0748402777778,1.84740625,0.0
2024-06-15,0.0,6.40815603546099,16.2426241134752,23.2966453900709,70.7676758047849,340.209928472223,22.8170902777778,2.05458333333333,0.0
2024-06-16,0.0,6.48631204964539,16.5649645390071,23.5538085106383,64.8140746858684,232.849459027778,22.340375,1.24517291666667,0.0
2024-06-17,0.0,9.91542855,16.5287142857143,23.8127071428571,68.0222795046607,266.617966666667,23.5689444444444,0.915361805555555,15.748
2024-06-18,0.0,9.44418439716312,17.0123404255319,23.9487234042553,70.8084885187208,261.082884722222,23.4558333333333,1.21610763888889,0.0
2024-06-19,0.0,7.73963769565217,16.9858695652174,24.1020072463768,74.6505701602027,273.390513194444,22.3627708333333,1.10947708333333,0.0
2024-06-20,0.0,5.09,17.5800714285714,24.2483714285714,77.2196899529709,273.187919444445,22.0531111111111,1.25175208333333,0.0
2024-06-21,0.0,3.46978723404255,17.5975886524823,24.419170212766,79.7570368139566,317.179041666667,23.901375,1.30524375,0.0
2024-06-22,0.0,3.01921985815603,17.4299290780142,24.5879716312057,81.2923172342186,327.685418055556,25.6855416666667,1.47938958333333,0.0
2024-06-23,0.0,3.59,17.0880434782609,24.936152173913,89.411217976876,248.9559125,26.9115416666667,1.50827291666667,0.0
2024-06-24,0.0,2.94321428571429,14.2443571428571,26.8247642857143,88.6604623149818,310.745226388889,25.4566041666667,2.56132777777778,0.0
2024-06-25,0.0,3.83021739130435,16.0608695652174,25.2489057971015,79.9271470265348,286.694976388889,22.7446736111111,1.51026736111111,0.0
2024-06-26,0.0,3.8009219858156,14.8262411347518,26.2334042553191,85.9334375903937,274.477704166666,25.7623055555556,2.63960347222222,4.572
2024-06-27,0.0,3.67157142857143,15.1097857142857,26.0955571428571,84.4165392804315,243.399146527778,22.5348541666667,1.98008541666667,0.762
2024-06-28,0.0,2.30767605633803,16.3997887323944,25.3416549295775,77.4459478434792,252.051387499999,23.3202430555556,1.26883333333333,0.0
2024-06-29,0.0,2.57645390070922,16.5844680851064,25.6576241134752,78.3779644633539,221.1139875,24.7941875,1.37577083333333,0.0
2024-06-30,0.0,2.21478571428571,16.3911428571429,26.7773714285714,89.5568738927557,194.377184722222,26.7808402777778,1.63920138888889,0.0
2024-07-01,0.0,2.40992753623188,16.4613043478261,27.0417028985507,89.1232424024998,343.723397916668,22.2608541666667,2.69156736111111,0.0
2024-07-02,0.0,2.66539007092199,17.0798581560284,26.0693191489362,79.5611996874958,338.070364583334,19.8759097222222,1.35168888888889,0.0
2024-07-03,0.0,4.31223021582734,17.3753956834532,26.1289208633094,80.0708495995122,282.824854166666,23.0863055555556,1.16148819444444,0.0
2024-07-04,0.0,5.3903521056338,17.8585915492958,26.8208521126761,86.7517875058923,172.424176388889,23.6729236111111,1.39246597222222,13.97
2024-07-05,0.0,7.43064284285714,17.9762142857143,26.9427571428571,88.8569087220115,213.320958333334,24.7542152777778,1.59840555555556,6.096
2024-07-06,0.0,9.18978722695035,17.6902127659574,27.1173546099291,93.7181877215725,278.316073611111,24.9409583333333,2.19943055555556,0.0
2024-07-07,0.0,8.66328566428571,18.6354285714286,27.0749714285714,91.2830692673296,214.611775,24.3887777777778,1.45487638888889,0.0
2024-07-08,0.0,12.3821276524823,18.2935460992908,27.4358581560284,91.721229564997,255.149381944445,25.4290763888889,1.12631111111111,0.0
2024-07-09,0.0,12.2900000211268,19.1069718309859,27.5867112676056,96.4569369764844,204.098241666667,26.1413958333333,0.893499305555555,0.0
2024-07-10,0.0,13.2903597122302,19.2737410071942,27.9827410071942,96.7366330115706,243.147214583333,26.7552430555556,2.37230208333333,0.0
2024-07-11,0.0,13.5442553191489,17.9287234042553,27.0368581560284,90.2126310749,330.885230555557,23.6014861111111,3.07073472222222,0.0
2024-07-12,0.0,15.811,19.2058571428571,26.7877,85.3791426052784,162.236941666666,23.0681458333333,1.1103375,0.0
2024-07-13,0.0,14.5893617021277,18.9336170212766,26.9881560283688,89.0115931396558,294.121047222223,25.0455347222222,1.34061805555556,0.0
2024-07-14,0.0,15.3731914893617,18.4584397163121,27.9187872340426,97.8119585862122,273.595343055556,26.0560138888889,2.22176319444444,0.0
2024-07-15,0.0,14.3597872340426,18.3493617021277,28.160780141844,100.960954670685,301.887417361111,26.9156875,2.13952222222222,0.0
2024-07-16,0.0,12.9414893687943,17.765390070922,28.6152127659574,100.502473416907,270.380208333333,27.0678793555556,2.09594027777778,0.508
2024-07-17,0.0,12.9213475390071,17.1448936170213,28.5006312056738,100.50182555438,239.445736805554,25.4632291666667,1.85356111111111,4.318
2024-07-18,0.0,14.4077142857143,16.6112142857143,28.5076285714286,97.4580053573648,185.626733333334,22.9661527777778,1.67571111111111,8.63599999999999
2024-07-19,0.0,16.5207194244604,17.1699285714286,27.8663,91.4894543362123,255.020233333333,22.8240347222222,1.33488958333333,0.0
2024-07-20,0.0,19.72,17.1590780141844,27.3901489361702,88.1978752640234,119.394584722222,21.74325,0.586254861111111,9.65199999999999
2024-07-21,0.0,20.4590070921986,17.1017730496454,27.0848936170213,87.9450942479827,239.660438194445,22.9690277777778,0.964161111111111,0.0
2024-07-22,0.0,23.8318439716312,17.3263829787234,26.803134751773,84.2204222744245,157.308825,21.9925833333333,0.767159027777777,8.38199999999999
2024-07-23,0.0,23.3031205673759,17.0797872340426,26.6490212765957,82.4714642254962,183.859509722223,23.1340208333333,0.572970138888888,3.81
2024-07-24,0.0,23.5207857142857,16.4668571428571,26.8455071428571,82.9458701423858,141.589061111111,22.4438888888889,0.110995138888889,16.51
2024-07-25,0.0,23.6985,16.4670714285714,26.7006642857143,83.4792828563547,155.431452083333,22.7288888888889,0.142637499999999,2.794
2024-07-26,0.0,22.331914893617,16.7772340425532,26.5842411347518,80.5917200322987,191.772251388889,22.1856041666667,0.171504166666668,0.762
2024-07-27,0.0,21.1019858156028,16.9891489361702,26.2295602836879,78.203483386827,199.71985,21.8486805555556,0.138386805555556,0.254
2024-07-28,0.0,19.8604255319149,16.6235460992908,26.3938368794326,81.8422208167652,266.501712499999,22.7393611111111,0.490604166666668,0.254
2024-07-29,0.0,18.6421167883212,16.4611678832117,26.4171605839416,64.9187645552597,116.877091666667,22.5219652777778,0.721445833333336,0.0
2024-07-30,0.0,14.5593571428571,16.3640714285714,26.2673571428571,80.416326148106,185.725955555555,23.1448680555556,0.427410416666665,5.842
2024-07-31,0.0,11.3718571571429,15.8835714285714,26.5674642857143,85.7001200384103,280.950373611111,24.3097777777778,1.59004305555556,2.54
2024-08-01,0.0,10.9392142642857,15.8516428571429,27.1934428571429,92.2713882605559,255.482174305555,25.7644583333333,1.01583125,0.254
2024-08-02,0.0,11.5455395539568,15.7623741007194,27.4522517985612,89.5279669248694,190.261402083333,24.3149722222222,0.641203472222221,18.034
2024-08-03,0.0,12.3872340496454,15.8269503546099,27.2037730496454,87.2201482467415,223.177597222222,23.2629513888889,0.766411111111109,5.334
2024-08-04,0.0,14.4331914893617,15.7277304964539,27.0816595744681,67.9473817354647,239.559622916666,23.3779791666667,0.827031249999999,0.0
2024-08-05,0.0,17.3857446808511,16.3617730496454,27.2664964539007,68.2374724701661,272.659677083333,24.3058194444444,0.6653125,0.0
2024-08-06,0.0,20.7377697841727,16.9453237410072,27.4161223021583,69.2840125894753,215.427295833334,23.9094791666667,1.03212569444444,0.0
2024-08-07,0.0,19.609219858156,16.8578014184397,27.3988936170213,69.1528268148255,216.840143055556,23.7238611111111,0.685845833333332,1.27
2024-08-08,0.0,20.5385,16.1752142857143,26.2844428571429,63.4858039859856,31.2520347222222,21.6706458333333,1.73169722222222,11.43
2024-08-09,0.0,18.8283571428571,15.3035714285714,25.7471142857143,77.900019480092,266.235403472222,23.7459861111111,0.543143749999999,27.432
2024-08-10,0.0,21.0298581560284,15.5254609929078,26.281,82.0040675304207,249.468513194445,22.9297291666667,0.366520833333331,15.748
2024-08-11,0.0,22.1604285714286,16.1006428571429,26.2014928571429,82.6263575208049,289.442572916666,21.1429027777778,1.04691527777778,6.604
2024-08-12,0.0,24.2568794326241,17.103829787234,26.1093404255319,79.0573223994603,219.519275000001,19.6466319444444,1.47844583333333,2.54
2024-08-13,0.0,22.443309352518,16.1341726618705,25.7338633093525,72.050322598218,201.656438888889,20.3399722222222,0.404481944444442,0.254
2024-08-14,0.0,19.7737857142857,16.1117857142857,25.5381071428571,74.4770738630492,293.416331944444,20.9089583333333,0.675492361111107,0.0
2024-08-15,0.0,19.5003546099291,16.3999290780142,25.7392127659574,73.4883238578278,258.501759722222,21.1678819444444,0.232272222222223,0.0
2024-08-16,0.0,24.4058273381295,16.8446762589928,25.5982086330935,70.7982524638721,95.7120548611115,21.2482291666667,0.167681944444444,6.858
2024-08-17,0.0,20.1632608695652,15.7795652173913,25.5090942028986,71.4895712849827,190.66010625,22.543,0.247053472222223,8.88999999999999
2024-08-18,0.0,18.9824822695035,14.8331205673759,25.8926808510638,73.5169821575034,214.64505,22.5840138888889,0.443090972222218,0.0
2024-08-19,0.0,18.1102142857143,14.0919285714286,26.0575857142857,72.6150035917,231.225843750001,22.0888472222222,1.41589930555555,0.0
2024-08-20,0.0,17.1132624113475,14.3501418439716,25.172390070922,65.6060567775386,255.15483125,17.6232916666667,1.85504513888889,0.0
2024-08-21,0.0,17.1790579710145,14.6828985507246,24.2857536231884,60.7466574799416,286.374285416668,15.0029791666667,0.55225625,0.0
2024-08-22,0.0,17.6934285714286,14.9282142857143,23.8696142857143,58.2952598265649,277.458261805555,16.2403263888889,0.908553472222222,0.0
2024-08-23,0.0,18.3382978723404,14.9624113475177,23.8692127659574,57.2657094682518,281.729175694444,18.1719583333333,0.427145833333336,0.0
2024-08-24,0.0,17.7085915492958,14.9385211267606,24.0356971830986,58.4219519590546,267.200165972223,19.8747847222222,1.19808541666667,0.0
2024-08-25,0.0,17.8945390070922,14.7596453900709,24.3866241134752,63.6910705422141,260.658299305556,21.3802430555556,1.23430902777778,0.0
2024-08-26,0.0,18.706,14.5024285714286,24.9387642857143,68.9101686786645,249.399729166667,23.0735416666667,1.53064097222222,0.0
2024-08-27,0.0,17.230071942446,14.0220143884892,25.6504172661871,73.3357096381178,246.497374305556,24.5775486111111,1.4533,0.0
2024-08-28,0.0,15.0474468085106,13.8591489361702,26.0828439716312,58.4085239591586,255.869877777778,25.8204444444444,1.67881527777778,0.0
2024-08-29,0.0,12.8893617234043,13.8555319148936,26.5950709219858,61.2090754102133,239.834210416667,25.8313194444444,2.23561111111111,0.0
2024-08-30,0.0,10.9386330719424,15.0664028776978,26.4033309352518,60.6053791647271,223.010949305555,23.7259097222222,1.18200416666667,0.0
2024-08-31,0.0,8.28921432142857,14.0847142857143,26.6201214285714,61.8163187155706,149.971422222222,21.7410625,1.38797152777778,20.828
2024-09-01,0.0,8.04602834751773,12.9997163120567,26.469780141844,61.7595580336614,148.487644444444,22.4881736111111,1.80282569444444,0.0
2024-09-02,0.0,8.77057140714286,13.2515714285714,26.1302785714286,60.5210219072191,216.344418055556,21.5351597222222,2.59119444444445,0.0
2024-09-03,0.0,8.73482268794326,13.8555319148936,25.2473971631206,55.3682568281098,255.711733333335,16.2157083333333,1.35607708333333,0.0
2024-09-04,0.0,9.2113571,14.2511428571429,24.1799,50.0359045406998,248.425314583333,16.3289444444444,1.38583472222222,0.0
2024-09-05,0.0,9.8390779929078,14.1185106382979,23.5763687943262,46.6188006853072,213.146497916668,17.1147777777778,1.18546527777778,0.0
2024-09-06,0.0,8.82170214893617,14.2202836879433,23.3133687943262,44.9088917154679,261.842885416666,17.6349513888889,1.30485555555556,0.0
2024-09-07,0.0,7.71446812056738,13.7614184397163,23.4242765957447,44.905219330339,204.186161111112,18.3144791666667,2.77907083333333,0.0
2024-09-08,0.0,7.4627143,13.4862142857143,22.3186857142857,38.9610187527295,265.557861805554,14.5494583333333,2.35571388888889,0.0
2024-09-09,0.0,6.64539007801418,13.9178014184397,21.843390070922,36.2019237619351,239.055558333333,14.8316458333333,2.14615763888889,0.0
2024-09-10,0.0,5.88330987323944,14.1252816901408,21.7988450704225,35.9036273740594,253.420605555556,16.8861388888889,2.01486666666667,0.0
2024-09-11,0.0,4.66507142857143,14.2770714285714,21.8701071428571,36.2150462549458,246.905084027778,17.4822222222222,1.69843263888889,0.0
2024-09-12,0.0,4.54413043478261,14.1636231884058,21.9976086956522,36.5163078030379,221.697050694445,18.2150347222222,1.51453472222222,0.0
2024-09-13,0.0,4.66402877697842,14.2329496402878,21.7907985611511,35.2193909386263,100.821453472222,19.7600347222222,1.82526944444444,0.0
2024-09-14,0.0,4.70815603546099,14.2512056737589,21.5704609929078,34.0018369198182,196.913426388888,20.4945694444444,1.88574861111111,0.0
2024-09-15,0.0,4.01539007092199,14.1423404255319,21.4859645390071,33.4093998705386,220.085657638889,19.4634027777778,1.60135138888889,0.0
2024-09-16,0.0,3.87539007092199,14.0150354609929,21.4023617021277,32.8718101787067,102.184422222223,16.7741041666667,1.55363055555556,1.27
2024-09-17,0.0,6.12978415827338,13.9629496402878,20.9094244604317,30.2438189201764,103.452747222222,19.0147986111111,3.47530833333333,6.604
2024-09-18,0.0,5.80312056737589,13.8016312056738,20.8324397163121,29.9092578139076,92.8240104166669,19.6721458333333,1.00125347222222,4.572
2024-09-19,0.0,3.30503597122302,13.870071942446,21.1842877697842,31.5180847105578,138.345463194444,19.5270416666667,0.270371527777778,5.588
2024-09-20,0.0,3.42617021276596,13.7886524822695,21.4176879432624,32.5503645923246,148.907190972223,19.8223472222222,0.642947222222221,1.27
2024-09-21,0.0,2.76218309859155,13.6640845070423,21.7362887323944,34.0249027194052,184.782171527778,20.5062083333333,0.758793750000002,3.048
2024-09-22,0.0,2.81574468085106,13.8364539007092,22.1365390070922,35.7892834801412,211.378845138889,21.1258819444444,1.47237430555556,0.0
2024-09-23,0.0,3.57608695652174,13.8436231884058,22.2243188405797,35.8162344063267,53.4233618055557,19.7490902777778,0.199451388888889,1.27
2024-09-24,0.0,4.50678571428571,14.1440714285714,21.85215,34.3963628025459,94.1675527777782,18.7831111111111,0.219892361111112,4.826
2024-09-25,0.0,4.7331654676259,14.0297122302158,21.4189208633094,32.4234661231551,73.1104041666669,19.4738333333333,0.0841770833333344,12.446
2024-09-26,0.0,4.25565216666667,14.2202898550725,21.2616811594203,31.266143534666,50.5041354166667,20.9907222222222,0.205251388888893,10.668
2024-09-27,0.0,6.89914891489362,14.3928873239437,20.8366408450704,30.9725160945326,31.9974958333334,20.9023888888889,1.67302013888889,9.14399999999999
2024-09-28,0.0,4.32070921985816,14.0267375886525,20.8944893617021,31.2529685998931,102.213822222222,18.1688541666667,0.871109722222222,8.12799999999999
2024-09-29,0.0,3.08624113475177,14.5855319148936,20.8834609929078,30.2917293956116,78.3039020833331,19.3531458333333,0.469190277777777,3.81
2024-09-30,0.0,3.75557142857143,15.0152857142857,20.77155,29.3483468561696,53.546507638889,18.9288819444444,0.0566576388888884,3.81
2024-10-01,0.0,3.86835714285714,15.0352857142857,20.9022142857143,30.1268156061702,149.580134027778,18.6004513888889,0.963929861111109,3.048
2024-10-02,0.0,4.4762675915493,15.0409154929577,21.154676056338,33.2617742969065,156.554475,19.6095763888889,0.418300694444446,2.54
2024-10-03,0.0,8.09550726086957,15.3897841726619,21.1680575539568,32.2271024022882,121.282997222222,19.4345069444444,0.844129861111112,2.286
2024-10-04,0.0,7.99892084892086,15.4429496402878,21.4097410071942,33.14707884245,78.6849013888887,19.7378541666667,0.808422916666666,1.778
2024-10-05,0.0,4.93794326950355,15.1241134751773,21.6056808510638,35.9008024964931,199.360695138889,18.6985763888889,0.709125694444444,1.524
2024-10-06,0.0,4.02290780141844,15.1152482269504,21.5127021276596,34.1488572547254,170.091234722221,17.9808194444444,0.706675000000001,0.762
2024-10-07,0.0,3.17035460992908,14.7936879432624,21.443914893617,32.5204331801738,206.60515763889,18.3215902777778,1.54381249999999,
2024-10-08,0.0,3.3587323943662,14.8206338028169,20.8981901408451,30.6852737592077,200.977728472222,12.8613055555556,1.31239722222222,0.0
2024-10-09,0.0,3.24992907801418,14.7406382978723,20.5369645390071,27.7054444691908,197.570384722222,14.0308166666667,1.76814236111111,0.0
2024-10-10,0.0,3.0795,14.7764285714286,19.9274,24.8937062940013,199.46254513889,11.7148347222222,1.46546666666667,0.0
2024-10-11,0.0,3.16872340425532,14.741134751773,19.3594113475177,22.3427211106937,199.084954861112,11.6061152777778,1.84623263888889,0.0
2024-10-12,0.0,2.96078014184397,14.6143971631206,18.8761418439716,18.9826924411649,185.927184027777,15.4799166666667,2.59328472222222,0.0
2024-10-13,0.0,3.50297872340426,14.5731914893617,18.4705319148936,17.3290781326931,169.532779166667,18.3397964833333,1.71689861111111,0.0
2024-10-14,0.0,3.34633802816901,14.4171830985915,18.0342183098592,12.1180426088919,173.696654166666,14.3769305555556,2.22272708333333,0.0
2024-10-15,0.0,4.05730495744681,14.1099290780142,16.914695035461,8.57142436671828,44.6853402777777,8.26058402777778,1.55992291666667,1.27
2024-10-16,0.0,3.62432624113475,13.533475177305,16.0007517730496,6.36377893623181,180.104015277778,7.61982291666667,3.46242847222222,0.0
2024-10-17,0.0,3.60657142857143,12.9602857142857,15.5585357142857,5.9289349054567,184.9665625,8.62439791666667,2.89149513888889,0.0
2024-10-18,0.0,3.21446043165468,12.6327338129496,15.3355611510791,6.42039223107346,178.873669444444,9.65367777777778,2.24373125,0.0
2024-10-19,0.0,3.11584507042254,12.8300704225352,15.026676056338,6.08610523271977,174.810809722222,10.55371875,1.81672291666667,0.0
2024-10-20,0.0,2.46496453900709,12.8962411347518,15.2749716312057,7.26595172903573,174.507720138888,12.8264347222222,1.95369513888889,0.0
2024-10-21,0.0,2.95208633093525,13.0811510791367,15.2729496402878,7.47899304219562,170.824008333332,14.0801458333333,2.28286041666667,0.0
2024-10-22,0.0,3.78950354609929,13.2246808510638,15.1854255319149,6.65816490482257,172.380653472222,14.1603819444444,1.92172638888889,0.0
2024-10-23,0.0,3.60721428571429,13.2395,15.4315428571429,7.88081035331173,165.495375694444,15.5606875,1.85424513888889,0.0
2024-10-24,0.0,3.3768085106383,13.2557446808511,16.0321276595745,9.85872441445126,169.054738194445,14.8338333333333,2.02452013888889,0.0
2024-10-25,0.0,4.71496453900709,13.4385815602837,15.3863617021277,7.1295831189227,163.171720138889,12.8180328222222,1.48294513888889,0.0
2024-10-26,0.0,4.01063829787234,13.4114893617021,15.8371063829787,8.44167476001541,126.009999305556,15.9505555555556,2.14117777777778,0.0
2024-10-27,0.0,5.71070921985816,13.4950354609929,15.1479929078014,5.8704195152424,99.0941895833332,8.80358055555556,1.15745347222222,0.0
2024-10-28,0.0,5.99893617021277,13.3871631205674,14.5356808510638,3.7685138137388,164.323650000001,9.6234,1.34792013888889,0.0
2024-10-29,0.0,5.6903676617647,13.4209558823529,14.5915,4.31311724696153,151.876538194444,13.0814388888889,0.980303472222222,
2024-10-30,0.0,5.98539005673759,13.4849645390071,14.734304964539,4.95699850378719,131.114456944445,15.5882222222222,1.41505069444444,0.0
2024-10-31,0.0,6.40457747183099,13.5204225352113,15.0297394366197,6.53844272784362,157.737678472222,17.4094722222222,1.65157638888889,0.0
2024-11-01,0.0,4.99156028368794,13.3824113475177,15.9805319148936,10.0430992491469,86.9120819444446,17.7337152777778,1.79836041666667,0.0
2024-11-02,0.0,6.82338128057554,13.4751079136691,15.356618705036,7.2080718772328,161.363428472223,13.3345416666667,2.13350763888889,0.0
2024-11-03,0.0,7.37248229078014,13.495390070922,14.7802056737589,4.8671886508892,155.140197916666,10.8835513888889,1.17644583333333,0.0
2024-11-04,0.0,7.04064282857143,13.3927857142857,14.3942642857143,3.31384496197475,83.5923791666664,10.1341923611111,0.916116666666667,0.0
2024-11-05,0.0,7.79204225352113,13.4614084507042,14.4199507042254,3.29040794856597,58.4875451388892,15.0456111111111,1.02507708333333,0.762
2024-11-06,0.0,8.07785715,13.4955,14.7874571428571,5.18331803836877,126.965000694445,19.00775,1.47556666666667,0.0
2024-11-07,0.0,7.90921987234043,13.4477304964539,15.6319929078014,12.0060141131328,101.586340277778,20.5817777777778,1.66310208333333,0.0
2024-11-08,0.0,7.11453904255319,13.4095744680851,16.5336737588652,15.1399112191049,148.705918055555,18.0973125,1.85494444444444,0.0
2024-11-09,0.0,9.07028370921986,13.5143971631206,15.4850425531915,8.01587428767783,145.458413888888,11.7708472222222,1.60234722222222,0.0
2024-11-10,0.0,7.28276596453901,13.6533333333333,14.5533404255319,3.90537666389096,56.3004097222224,9.83851875,1.56486597222222,6.096
2024-11-11,0.0,5.78744680851064,13.5758156028369,14.6290496453901,3.27654022792245,123.312597222223,16.3752986111111,1.68867638888889,0.254
2024-11-12,0.0,6.20241134751773,13.301134751773,14.4650638297872,2.92318729702377,146.277649305555,11.3931659722222,2.04254305555556,0.0
2024-11-13,0.0,5.89936170212766,12.8037588652482,13.840390070922,1.9266348851677,139.620593055555,4.69948958333333,0.999231944444444,0.0
2024-11-14,0.0,5.10392857142857,11.8089285714286,13.0820285714286,0.804600570660155,13.359745138889,4.52663125,1.09948055555556,20.32
2024-11-15,0.0,4.4922695035461,11.7632624113475,12.759829787234,0.423332082422719,125.900063888888,9.54933194444444,3.29605833333333,0.254
2024-11-16,50.8315177361111,5.14657142857143,11.3759285714286,12.4814285714286,0.439983408882975,140.403227777777,9.58275694444444,2.97096458333333,0.0
2024-11-17,60.534115,5.03510791366906,11.4484892086331,12.3487338129496,1.41487761269738,128.330922916666,8.90396301111111,1.83399305555556,0.0
2024-11-18,58.3869741666667,4.65241134751773,11.8139007092199,12.3246170212766,1.38673686989298,117.178769444445,14.4560972222222,2.25312986111111,0.0
2024-11-19,47.8225050381679,4.86812948920863,12.0923741007194,12.277726618705,1.6825196270473,79.2037791666669,13.3653402777778,1.36247986111111,3.81
2024-11-20,46.6204527083333,4.69877697841727,12.3604316546763,12.508618705036,2.07595375372883,69.5444256944447,13.5968305555556,2.05616388888889,4.572
2024-11-21,71.6068346527778,4.45907144285714,12.8277142857143,11.7039928571429,0.0373923007803768,61.8067916666669,4.17734791666667,1.86722013888889,0.0
2024-11-22,73.3692909722222,3.70744680851064,13.1560283687943,10.7246524822695,-0.0050683803484634,82.1115916666665,2.15259027777778,2.54503819444444,0.0
2024-11-23,77.3705242361111,3.7577304964539,13.4366666666667,9.9486169716312,-0.0016894774350281,78.9045451388892,7.19839166666667,2.37478055555556,0.0
2024-11-24,78.8499546527778,4.17705035971223,13.7911510791367,9.667,0.256768794734919,122.363197222223,8.05201597222222,2.89561111111111,0.0
2024-11-25,76.2034948611111,4.1505,14.0607857142857,9.52516425714286,0.527629992759664,124.020718750001,11.25475,1.54977083333333,0.0
2024-11-26,80.735375625,3.67228571428571,14.2205714285714,9.82364285714286,0.398712754803624,86.6137548611113,11.55140625,2.18949861111111,0.0
2024-11-27,79.3543529861111,4.11617021276596,14.4542553191489,9.41116313475177,0.197127773775904,66.1193673611109,6.87665,1.512225,0.0
2024-11-28,79.973403125,3.57085106382979,14.6216312056738,9.20958154609929,0.0409592470512423,71.9981805555558,7.22376944444444,1.97673611111111,3.048
2024-11-29,84.0541226388889,4.20385714285714,14.7577142857143,8.75056428571428,0.0004872614646827,36.630759027778,1.83253402777778,1.50261597222222,0.0
2024-11-30,84.6787436111111,4.36808511347518,14.9441843971631,7.92318439716312,0.0123399876550966,126.308335416667,-0.346852777777779,1.99075555555556,0.0
2024-12-01,85.1087550694444,4.44021428571429,15.1020714285714,7.38382142857143,0.0050492165439699,55.381309722222,0.796384722222222,1.79686597222222,0.0
2024-12-02,85.7210660416667,4.12595744680851,15.2415602836879,6.60378723404255,0.002920330099331,106.881636805555,-2.2521,2.69869097222222,0.0
2024-12-03,86.2180525874126,2.65222222222222,15.4394074074074,5.8622,-0.0077736527964467,122.237763194444,-3.20120208333333,3.3102125,0.0
2024-12-04,85.6793641666667,1.44267605633803,15.6622535211268,5.27830281690141,0.0248366059949309,49.8529402777775,-1.65031527777778,1.27565625,0.0
2024-12-05,86.6656947916667,0.929148936170213,15.7381560283688,4.92266666666667,0.0003978309792865,119.215196527778,-0.63010347222222,2.83631041666667,0.0
2024-12-06,88.0567748611111,0.916785714285714,15.9022857142857,3.99309285714286,-0.0001954302138318,117.789296527777,-4.36529583333333,3.27471319444444,0.0
2024-12-07,88.3681627083333,0.948642857142857,16.0415,3.41834285714286,0.003093285064889,112.582705555555,0.0928423611111094,2.01800416666667,0.0
2024-12-08,89.2259420138889,0.873597122302158,16.0740287769784,3.34425899280576,0.0002183918320383,76.7449159722219,9.18892847222222,2.21146388888889,0.0
2024-12-09,89.6243272222222,1.11584507042254,16.0219718309859,3.58800704225352,-0.0003443533704154,69.8402118055553,8.35430069444445,1.46885416666667,7.36599999999999
2024-12-10,87.9609759722222,1.24575539568345,16.001654676259,3.69818705035971,0.0020735082768163,26.3432798611112,8.06177777777778,1.71008958333333,12.192
2024-12-11,89.9910161805556,1.26671428571429,15.8461428571429,4.17280714285714,0.0021622075699678,19.0317944444445,7.59927916666667,2.27817777777778,39.116
2024-12-12,91.699874375,1.09230215827338,15.8860431654676,3.95406474820144,3.20275326959428e-05,115.297374305556,0.860718055555556,1.76053680555556,0.0
2024-12-13,91.7813782638889,1.28609929078014,15.9435460992908,3.7276524822695,0.0015488928507392,93.7147090277772,3.18667569444444,0.836998611111114,0.0
2024-12-14,91.2488631944444,1.422,15.8935,3.84997142857143,0.0001562933646924,87.6041187499997,-0.151163888888889,0.650814583333334,0.0
2024-12-15,90.3443922916667,1.94460992907801,15.894609929078,3.7894609929078,0.0024596143887655,11.0517361111111,1.00626597222222,0.512648611111113,10.16
2024-12-16,87.1696815277778,1.7655,15.8855,3.73330714285714,0.0031406592570598,23.7916374999999,3.96193263888889,0.412564583333333,1.524
2024-12-17,87.5140956944444,1.41425531914894,15.8236879432624,4.07923404255319,0.0026188596134009,60.3142027777775,10.4226555555556,1.16605208333333,0.0
2024-12-18,92.8849613888889,1.61847826086957,15.7296376811594,4.32732608695652,0.0121284543576096,36.5992194444445,8.17410486111111,1.85605347222222,0.762
2024-12-19,93.7689788194444,1.32418439716312,15.7114893617021,4.42740425531915,0.0158332498537764,114.416565277777,4.79931597222222,2.46552013888889,0.0
2024-12-20,93.6150840972222,1.75985714285714,15.6905714285714,4.48609285714286,0.0047253744451597,62.934084722222,3.16014236111111,0.574242361111111,0.254
2024-12-21,94.9026207638889,1.04288732394366,15.6950704225352,4.25072535211268,0.0003534410153223,115.912822916666,0.0370402777777762,0.681095138888887,0.0
2024-12-22,93.7943479861111,1.3136170212766,15.7829787234043,3.62950354609929,0.0045873932564081,117.142029861111,-4.41052430555556,1.88276805555556,0.0
2024-12-23,87.5997359027778,0.959928571428571,15.7250714285714,3.70649285714286,0.0196358100286659,112.320477777777,-3.37804444444445,1.15806597222222,0.0
2024-12-24,89.540863125,1.50099290780142,15.765390070922,3.59995035460993,0.0080149037312418,47.4013868055557,2.50727847222222,2.18889027777778,0.0
2024-12-25,91.2582457638889,1.5875,15.7567857142857,3.61623571428571,0.000972467520095,59.2550812499999,2.91545486111111,1.49171319444444,0.0
2024-12-26,77.9389960416667,1.72035460992908,15.6929787234043,3.62543971631206,0.0228052857952666,62.1361729166664,1.52160625,1.28783055555556,0.0
2024-12-27,62.3616188194444,2.2386524822695,15.6303546099291,3.77718439716312,0.0044502460252817,36.6522034722223,1.28480763888889,0.883691666666667,2.794
2024-12-28,52.7951228472222,2.13321427857143,15.5374285714286,3.88321428571429,-0.0023693973266099,40.2062951388889,5.74311597222222,0.602584722222222,17.78
2024-12-29,63.8152676388889,2.5455,15.4061428571429,4.12557142857143,0.008821788003679,11.4542881944444,11.7669875,2.03212638888889,14.478
2024-12-30,95.80268125,2.029,15.2441428571429,4.67525714285714,0.0156960474156679,64.1766215277775,7.25553333333333,2.05404375,0.508
2024-12-31,94.9757872916667,1.95735714285714,15.1984285714286,4.76217857142857,0.0306880085364677,29.7013916666666,5.81287916666666,2.01789166666667,2.032
